Series ID,Jan-00,Feb-00,Mar-00,Apr-00,May-00,Jun-00,Jul-00,Aug-00,Sep-00,Oct-00,Nov-00,Dec-00,Jan-01,Feb-01,Mar-01,Apr-01,May-01,Jun-01,Jul-01,Aug-01,Sep-01,Oct-01,Nov-01,Dec-01,Jan-02,Feb-02,Mar-02,Apr-02,May-02,Jun-02,Jul-02,Aug-02,Sep-02,Oct-02,Nov-02,Dec-02,Jan-03,Feb-03,Mar-03,Apr-03,May-03,Jun-03,Jul-03,Aug-03,Sep-03,Oct-03,Nov-03,Dec-03,Jan-04,Feb-04,Mar-04,Apr-04,May-04,Jun-04,Jul-04,Aug-04,Sep-04,Oct-04,Nov-04,Dec-04,Jan-05,Feb-05,Mar-05,Apr-05,May-05,Jun-05,Jul-05,Aug-05,Sep-05,Oct-05,Nov-05,Dec-05,Jan-06,Feb-06,Mar-06,Apr-06,May-06,Jun-06,Jul-06,Aug-06,Sep-06,Oct-06,Nov-06,Dec-06,Jan-07,Feb-07,Mar-07,Apr-07,May-07,Jun-07,Jul-07,Aug-07,Sep-07,Oct-07,Nov-07,Dec-07,Jan-08,Feb-08,Mar-08,Apr-08,May-08,Jun-08,Jul-08,Aug-08,Sep-08,Oct-08,Nov-08,Dec-08,Jan-09,Feb-09,Mar-09,Apr-09,May-09,Jun-09,Jul-09,Aug-09,Sep-09,Oct-09,Nov-09,Dec-09,Jan-10,Feb-10,Mar-10,Apr-10,May-10,Jun-10,Jul-10,Aug-10,Sep-10,Oct-10,Nov-10,Dec-10,Jan-11,Feb-11,Mar-11,Apr-11,May-11,Jun-11,Jul-11,Aug-11,Sep-11,Oct-11,Nov-11,Dec-11,Jan-12,Feb-12,Mar-12,Apr-12,May-12,Jun-12,Jul-12,Aug-12,Sep-12,Oct-12,Nov-12,Dec-12,Jan-13,Feb-13,Mar-13,Apr-13,May-13,Jun-13,Jul-13,Aug-13,Sep-13,Oct-13,Nov-13,Dec-13,Jan-14,Feb-14,Mar-14,Apr-14,May-14,Jun-14,Jul-14,Aug-14,Sep-14,Oct-14,Nov-14,Dec-14,Jan-15,Feb-15,Mar-15,Apr-15,May-15,Jun-15,Jul-15,Aug-15,Sep-15,Oct-15,Nov-15,Dec-15,Jan-16,Feb-16,Mar-16,Apr-16,May-16,Jun-16,Jul-16,Aug-16,Sep-16,Oct-16,Nov-16,Dec-16,Jan-17,Feb-17,Mar-17,Apr-17,May-17,Jun-17,Jul-17,Aug-17,Sep-17,Oct-17,Nov-17,Dec-17,Jan-18,Feb-18,Mar-18,Apr-18,May-18,Jun-18,Jul-18,Aug-18,Sep-18,Oct-18,Nov-18,Dec-18,Jan-19,Feb-19,Mar-19,Apr-19,May-19,Jun-19,Jul-19,Aug-19,Sep-19,Oct-19,Nov-19,Dec-19,Jan-20,Feb-20,Mar-20,Apr-20,May-20,Jun-20,Jul-20,Aug-20,Sep-20,Oct-20,Nov-20,Dec-20,Jan-21,Feb-21,Mar-21,Apr-21,May-21,Jun-21,Jul-21,Aug-21,Sep-21,Oct-21,Nov-21,Dec-21,Jan-22,Feb-22,Mar-22,Apr-22,May-22,Jun-22,Jul-22,Aug-22,Sep-22,Oct-22,Nov-22,Dec-22,Jan-23,Feb-23,Mar-23,Apr-23,May-23,Jun-23,Jul-23,Aug-23,Sep-23,Oct-23,Nov-23,Dec-23
Alabama,385.3,385.3,385.1,383.9,385.4,385.0,383.5,384.6,385.0,385.0,385.3,384.9,383.6,383.2,382.5,382.1,381.4,380.9,378.8,378.8,377.5,377.2,377.4,376.3,374.6,374.5,374.5,372.7,371.9,370.3,371.3,369.7,369.2,369.3,369.7,369.6,369.5,368.9,369.3,370.5,370.0,370.6,372.4,372.6,372.7,373.7,373.1,372.4,374.5,375.3,376.5,376.3,376.5,377.2,376.8,376.4,375.3,377.0,377.8,378.7,379.9,380.5,380.3,381.9,382.3,382.1,382.6,383.1,383.2,383.0,384.8,385.4,386.0,386.2,387.3,386.5,385.8,386.4,386.6,387.5,388.5,388.6,389.4,390.6,391.3,392.4,393.6,393.5,395.1,395.1,395.4,394.4,395.4,394.7,395.0,394.9,394.3,393.8,393.0,392.3,391.3,390.3,389.8,389.3,388.5,385.6,382.5,379.7,375.0,372.2,368.8,366.4,366.6,365.7,364.9,363.1,363.4,360.9,360.5,358.7,360.1,360.2,360.7,360.6,361.2,361.1,361.0,360.8,360.4,362.9,362.2,362.1,362.3,363.5,362.7,363.2,362.7,362.8,364.6,365.0,364.9,364.9,364.8,364.3,365.4,365.4,365.8,365.8,365.9,365.3,364.5,364.5,365.3,366.1,367.1,366.3,365.0,366.8,366.4,367.0,367.8,369.0,368.4,369.2,369.0,369.0,369.3,371.1,370.6,370.4,371.5,372.1,371.6,372.3,372.7,372.4,373.1,373.0,374.7,375.2,374.6,374.9,375.5,376.1,377.2,378.0,378.2,378.9,378.9,379.9,380.0,380.0,379.3,380.2,380.3,380.8,380.5,380.2,380.4,379.9,380.7,380.2,379.4,378.8,379.2,379.5,379.4,379.1,378.4,379.4,378.5,378.9,378.6,378.9,377.6,380.0,381.0,381.1,382.8,382.6,382.8,383.5,383.9,384.2,383.8,383.9,385.8,386.2,388.5,387.1,386.6,387.7,388.3,387.4,387.4,388.0,387.5,387.2,388.1,388.0,388.1,387.7,386.7,355.8,367.9,380.1,381.9,388.2,387.7,390.8,390.2,391.0,390.0,391.6,391.6,391.7,393.8,395.2,397.0,397.9,398.9,401.4,402.0,403.6,404.3,409.0,406.2,406.0,405.0,404.4,405.2,404.9,405.0,405.0,407.0,407.5,406.3,406.3,407.8,408.9,409.4,409.3,408.8,410.1,410.6,,,
Alaska,60.6,60.6,60.8,60.3,60.2,60.1,60.2,60.5,60.3,60.2,60.3,60.4,59.7,59.5,59.2,60.3,60.0,60.2,60.9,60.6,60.6,60.7,60.3,60.2,60.8,61.3,61.6,61.3,61.0,61.1,61.4,61.3,61.1,61.5,61.1,60.9,61.2,61.0,60.9,60.8,60.7,60.6,60.4,60.6,61.0,60.6,60.9,61.3,61.1,61.2,61.7,61.6,62.1,61.9,62.4,62.2,62.4,62.5,62.5,62.5,62.4,62.5,62.5,62.7,63.0,62.7,63.2,63.3,63.2,63.3,63.2,62.8,63.4,63.2,63.6,63.8,63.8,64.2,63.8,63.7,63.4,63.0,63.7,63.7,64.0,64.0,63.9,63.9,63.9,64.4,64.1,64.2,64.2,63.9,64.0,64.1,64.8,64.8,64.8,64.6,64.8,64.7,64.6,64.1,64.5,64.3,64.1,64.2,64.0,63.5,63.5,63.4,63.0,62.5,62.8,62.8,63.1,63.1,63.0,62.7,62.7,62.5,62.5,62.6,62.4,62.7,62.8,62.6,62.5,62.8,62.7,62.9,62.5,62.9,63.4,63.1,63.0,63.1,63.3,63.5,63.6,63.5,63.3,63.3,63.5,63.5,63.5,63.6,63.4,63.5,63.6,63.3,63.7,65.1,63.8,63.9,63.8,63.7,63.6,63.7,63.5,63.7,63.5,64.1,64.1,63.9,64.2,64.2,64.1,64.4,64.1,64.5,64.8,64.5,64.6,64.7,64.5,64.9,64.7,65.0,65.2,65.2,65.3,65.2,65.5,65.5,65.6,65.6,65.8,65.9,65.9,65.9,65.8,65.6,65.6,65.9,65.7,65.3,65.1,65.1,65.2,65.5,65.2,65.0,64.9,65.0,64.7,64.8,64.5,64.7,64.7,64.7,64.5,64.2,64.5,64.4,64.5,64.3,64.4,64.3,64.5,64.7,64.3,64.4,64.3,64.4,64.5,64.3,64.4,64.3,64.6,64.4,64.6,65.0,65.2,64.8,64.9,64.7,64.3,64.1,64.0,63.7,63.6,56.4,54.7,55.4,55.2,55.8,57.2,59.5,61.6,61.8,61.8,61.9,61.8,61.0,59.2,59.5,60.0,60.1,61.0,61.5,62.9,62.7,63.2,63.5,63.7,63.7,63.7,63.9,64.2,64.4,64.4,65.5,65.8,65.9,66.2,65.7,65.4,65.2,64.8,64.8,64.6,64.8,64.3,,,
Arizona,431.9,433.8,433.3,431.7,433.0,435.7,435.7,438.2,440.4,441.7,444.0,445.6,443.6,443.0,441.8,441.6,440.5,440.5,439.7,438.8,437.5,438.4,435.8,435.1,436.7,435.2,437.4,438.9,440.7,441.4,439.7,440.3,440.9,441.4,441.3,443.4,441.8,442.5,443.0,442.1,442.4,442.3,443.4,444.8,444.8,448.9,450.4,451.5,452.5,453.9,455.0,457.1,459.7,460.9,462.3,464.1,462.9,467.8,469.7,471.4,475.6,478.4,479.8,482.1,483.6,484.9,489.3,490.6,494.0,493.7,495.7,498.2,500.7,502.7,505.7,507.0,507.6,509.2,511.2,513.0,514.9,517.4,518.1,520.6,520.9,522.3,523.4,524.4,525.3,526.7,528.0,527.8,528.9,528.2,529.1,529.4,526.8,526.9,524.5,520.4,520.0,520.1,513.9,513.3,510.2,506.5,502.4,496.3,493.7,487.5,484.6,479.4,478.2,475.7,474.0,472.8,471.5,466.7,466.1,465.1,466.1,467.0,467.0,467.6,467.8,467.1,465.6,465.1,463.7,464.4,464.1,465.6,466.1,468.0,468.6,470.5,470.9,471.5,471.5,471.7,472.3,473.2,474.4,473.6,473.9,473.5,474.4,474.0,474.0,474.1,473.7,472.6,474.1,474.6,476.5,476.9,473.0,474.1,473.8,475.7,476.6,477.7,479.6,480.5,481.9,482.6,483.5,487.0,486.3,487.3,488.0,489.3,488.9,490.2,490.7,491.4,491.8,492.8,494.0,497.3,497.5,497.9,499.7,500.5,501.8,503.9,505.1,506.8,508.3,509.6,510.1,509.1,508.8,510.4,512.0,513.2,514.6,514.1,516.0,516.4,516.8,518.8,518.4,519.3,518.9,520.1,520.0,521.4,522.0,524.2,524.2,524.9,525.1,525.3,525.7,525.5,528.5,529.3,530.8,530.9,533.4,534.5,535.5,536.1,537.5,537.0,538.3,539.1,540.7,540.8,541.4,541.8,541.7,542.8,542.9,544.3,545.0,547.4,549.4,551.4,551.5,552.0,553.5,509.3,523.0,543.1,543.7,550.9,557.1,563.5,567.2,567.0,568.3,574.0,576.4,573.7,576.8,581.3,584.8,587.0,590.5,593.0,593.7,595.3,595.7,607.2,607.4,606.8,606.0,602.3,602.8,603.7,604.4,603.5,602.5,603.5,601.6,602.5,603.4,605.8,606.1,603.8,602.3,602.4,604.4,,,
Arkansas,241.6,242.9,242.4,242.1,241.6,242.3,241.7,242.1,242.3,242.4,242.2,242.3,242.3,242.3,242.7,242.9,242.7,242.3,241.8,241.4,240.6,240.4,240.5,239.7,240.5,241.4,242.1,241.9,242.1,241.9,242.0,241.1,241.4,239.8,240.0,239.6,240.0,239.4,238.8,238.7,238.3,238.1,238.8,239.6,240.4,241.5,241.2,241.5,241.1,241.6,241.2,241.2,241.7,241.7,242.4,242.6,242.7,242.8,242.8,243.6,244.1,244.4,244.4,245.2,245.1,245.5,246.0,245.6,246.7,246.1,246.7,247.0,247.8,248.2,249.4,248.8,248.8,248.3,248.0,248.5,248.8,249.5,249.3,249.8,249.2,249.8,251.8,249.8,250.4,250.3,249.9,250.2,249.9,249.8,250.2,250.4,250.1,250.4,249.7,248.8,248.3,248.1,247.1,246.8,245.8,243.9,242.8,241.5,240.5,239.3,238.2,237.4,235.8,234.6,235.0,233.6,233.9,232.6,232.6,232.1,232.7,232.7,233.0,232.8,233.6,235.0,235.1,235.9,234.7,236.1,236.1,236.1,236.2,235.2,235.6,238.9,237.1,237.2,239.1,238.7,238.9,239.7,239.5,239.9,240.6,240.8,241.3,241.8,241.9,241.8,240.9,241.2,241.5,240.8,240.9,241.3,240.5,241.8,241.7,240.9,240.1,239.8,240.9,241.1,241.4,242.1,241.8,241.2,242.0,242.0,242.8,243.8,243.9,244.2,244.5,245.1,246.0,246.1,247.0,247.8,247.9,248.6,248.1,249.8,251.1,251.5,251.6,251.9,251.8,252.1,251.9,252.3,252.3,252.4,252.5,251.9,251.9,252.2,252.6,252.3,252.8,252.8,252.6,252.1,251.9,251.9,251.2,250.8,250.8,251.3,251.6,252.1,251.6,251.3,250.5,251.6,252.1,252.7,253.1,253.3,253.4,253.1,253.5,254.0,254.0,253.6,253.9,253.9,254.4,254.2,254.1,254.5,254.3,254.1,253.9,253.7,254.0,253.5,253.9,253.8,253.9,254.0,253.7,236.5,242.3,248.4,249.8,250.6,250.6,251.7,252.3,249.6,252.1,252.1,254.7,252.2,252.6,253.7,254.9,256.8,258.0,261.7,261.9,263.1,264.5,269.0,268.7,269.0,268.5,268.5,271.3,271.2,271.2,274.9,274.3,274.6,276.0,276.5,275.8,274.8,273.6,273.8,273.6,271.9,270.7,,,
California,2678.0,2683.4,2689.1,2695.5,2699.5,2708.1,2715.8,2719.6,2725.0,2728.3,2737.0,2748.0,2759.5,2754.3,2753.5,2747.3,2740.2,2740.1,2731.9,2726.5,2720.6,2714.7,2699.3,2690.7,2700.2,2700.7,2703.2,2708.6,2711.9,2711.8,2710.4,2710.9,2711.3,2709.2,2706.6,2710.7,2700.3,2701.0,2696.7,2697.7,2698.0,2697.1,2693.3,2695.3,2697.3,2724.3,2703.4,2702.9,2698.5,2709.0,2717.1,2725.3,2732.2,2737.6,2742.8,2744.3,2746.1,2763.2,2770.1,2763.2,2771.8,2776.5,2779.5,2787.2,2789.8,2792.2,2806.6,2814.3,2825.6,2826.4,2831.6,2844.2,2821.4,2832.0,2839.7,2847.6,2853.5,2862.9,2862.9,2870.4,2876.5,2875.3,2879.7,2884.4,2886.0,2887.2,2889.3,2885.5,2887.8,2888.8,2901.3,2898.1,2895.1,2896.1,2900.2,2907.7,2883.1,2881.7,2873.5,2867.5,2857.3,2847.5,2837.6,2824.2,2811.5,2790.2,2757.8,2730.8,2702.2,2680.5,2660.1,2639.2,2632.8,2620.6,2599.2,2594.5,2597.0,2593.8,2586.4,2581.0,2587.2,2589.8,2591.9,2603.7,2605.3,2607.4,2609.6,2616.1,2616.9,2621.3,2622.2,2626.0,2630.1,2634.9,2638.5,2652.7,2652.5,2654.8,2661.4,2667.2,2671.8,2672.0,2676.9,2676.5,2689.7,2683.3,2688.9,2693.3,2698.9,2707.3,2710.0,2711.2,2717.0,2722.0,2734.6,2733.6,2732.9,2741.5,2742.9,2745.4,2752.7,2758.8,2764.5,2767.6,2766.3,2776.3,2786.6,2800.0,2796.9,2801.1,2807.8,2813.3,2818.1,2825.8,2824.9,2834.1,2839.6,2844.7,2854.6,2868.3,2866.6,2869.6,2881.8,2881.4,2890.8,2894.2,2908.5,2915.6,2919.3,2925.8,2924.8,2925.9,2926.9,2936.2,2941.2,2953.5,2953.9,2948.8,2963.4,2967.4,2971.2,2976.3,2979.3,2983.6,2991.5,2985.4,2991.8,3000.2,3002.2,3008.1,3005.8,3011.4,3017.6,3017.9,3022.4,3030.6,3029.9,3031.4,3035.1,3031.6,3034.9,3039.7,3040.5,3039.9,3041.2,3037.8,3037.7,3041.8,3044.0,3032.6,3033.4,3037.4,3040.9,3041.3,3045.2,3048.7,3042.8,3043.6,3055.3,3063.3,3060.8,3050.9,3035.8,2618.3,2652.0,2812.6,2838.6,2864.0,2904.3,2945.3,2959.9,2962.8,2978.3,2990.8,3002.0,2988.7,2999.8,3007.0,3023.1,3031.7,3040.1,3070.8,3073.3,3088.4,3097.7,3134.7,3138.2,3145.2,3142.3,3143.1,3147.2,3147.5,3152.2,3147.8,3130.8,3123.9,3135.8,3138.5,3143.5,3151.7,3150.0,3140.0,3143.7,3146.5,3148.9,,,
Colorado,412.5,414.5,414.9,416.8,417.0,417.8,416.2,419.5,420.7,423.8,425.6,426.6,428.0,427.2,427.4,425.8,425.5,425.9,423.5,422.0,421.0,419.6,416.1,413.9,412.0,412.2,412.3,413.5,414.5,415.6,413.4,411.9,410.9,409.5,409.1,409.6,408.6,407.6,406.6,404.5,403.1,402.3,402.3,402.6,402.9,403.9,404.1,403.8,404.1,403.6,404.7,406.1,406.9,406.9,406.9,407.8,407.6,407.9,407.9,408.0,408.4,409.8,411.6,410.5,411.2,411.7,413.2,412.4,415.4,416.4,417.3,417.4,416.8,416.6,417.3,418.5,418.6,419.6,418.2,418.6,419.7,421.4,422.5,424.7,426.9,427.0,428.0,428.1,428.2,428.7,429.7,429.2,430.1,431.0,431.5,432.0,433.4,433.9,434.0,433.2,431.2,431.3,431.0,429.7,428.2,424.7,421.5,419.7,415.6,412.4,408.6,404.9,404.6,403.6,400.9,400.3,400.0,398.5,397.4,396.9,395.3,396.8,397.0,396.9,397.6,398.1,398.3,398.6,397.6,398.2,397.7,397.5,397.9,398.2,399.2,401.2,401.9,401.9,402.6,402.9,403.4,403.4,403.9,403.4,405.5,405.4,406.5,407.2,408.2,409.2,409.8,409.3,411.2,413.4,414.5,415.1,415.5,417.0,417.1,417.7,418.3,419.2,420.1,421.5,422.3,423.3,424.1,425.4,426.5,427.5,428.7,430.1,430.7,432.8,433.0,433.9,435.0,435.8,437.6,439.1,440.5,441.6,442.5,443.2,444.0,445.0,446.2,447.2,447.9,449.2,449.9,450.5,449.6,450.9,451.5,452.7,453.6,453.5,455.3,455.8,456.0,456.6,456.2,456.6,456.8,458.1,458.5,459.4,459.8,461.1,461.6,462.5,463.7,464.1,464.3,464.8,465.7,466.0,467.5,468.2,469.3,470.5,471.5,472.4,473.1,473.1,474.6,473.1,475.5,475.9,475.2,475.1,475.9,476.8,478.4,479.0,479.6,479.8,480.5,481.3,482.3,480.9,481.0,430.7,444.8,458.5,466.7,471.1,475.4,478.2,480.2,482.5,483.3,484.5,484.5,481.8,481.9,483.9,484.7,487.4,488.7,491.4,492.8,494.1,495.1,501.8,501.3,505.0,503.1,502.1,501.9,501.7,501.4,502.4,501.0,501.1,499.4,498.3,496.6,496.1,496.6,496.2,496.7,496.1,496.6,,,
Connecticut,310.0,311.9,312.3,313.3,312.9,313.0,312.7,312.8,313.3,312.7,313.2,313.9,309.5,307.7,306.5,307.6,308.1,307.8,309.1,308.1,306.2,307.3,305.9,305.8,304.9,305.3,305.0,306.5,306.1,306.5,305.2,304.6,304.9,302.2,301.7,302.0,302.4,301.6,302.1,300.2,300.2,300.2,299.7,299.6,300.1,302.0,301.2,299.5,300.7,301.3,301.7,302.8,302.4,302.3,303.5,303.2,303.9,304.7,305.6,305.4,305.1,306.5,305.9,307.9,305.9,305.4,305.4,305.6,305.8,304.6,304.9,305.7,306.8,306.1,306.7,308.1,306.2,306.0,305.5,305.7,305.1,305.6,305.8,306.2,306.4,306.3,306.5,306.0,307.4,307.6,307.6,306.9,306.8,307.1,307.4,308.2,309.6,309.0,308.6,307.9,306.4,305.0,304.9,304.1,303.5,301.4,299.7,298.0,296.0,294.1,292.0,287.3,288.6,287.6,286.3,285.9,286.1,285.2,285.0,284.1,283.4,282.7,283.2,283.1,285.1,285.5,286.6,286.7,285.8,286.9,286.5,287.1,286.3,287.5,287.2,290.8,288.4,288.1,288.6,288.7,288.5,287.5,286.9,288.4,290.1,290.4,291.1,289.3,290.3,290.3,289.8,289.9,290.6,291.4,291.8,291.0,291.0,291.1,292.2,293.4,292.7,293.4,293.6,294.3,293.8,294.1,293.8,294.2,294.4,294.2,294.7,295.5,294.8,294.6,295.0,294.9,295.0,295.0,295.2,295.2,295.4,294.9,295.3,295.2,296.2,297.4,295.9,296.3,297.0,297.5,298.1,297.3,297.2,297.5,298.5,297.5,297.4,296.3,297.8,297.9,297.2,297.0,296.3,296.5,297.1,296.8,296.7,296.8,297.0,297.4,296.7,296.7,297.5,296.7,296.6,296.6,296.7,296.9,297.2,295.8,297.2,297.8,297.0,296.4,296.2,295.6,295.7,294.7,292.9,292.6,292.2,291.8,291.7,290.8,291.4,291.8,292.2,293.1,294.3,294.8,293.6,293.4,292.9,240.4,248.8,267.4,275.0,278.8,283.0,285.7,285.3,286.5,288.6,289.0,289.3,288.3,289.2,289.7,292.9,292.2,290.9,292.0,291.7,292.5,293.4,300.3,300.2,300.4,299.0,299.2,299.3,299.0,298.6,294.5,294.7,295.7,296.7,296.9,297.1,298.8,300.1,299.5,299.8,300.1,298.9,,,
Delaware,78.8,78.9,78.6,79.1,78.8,79.2,79.4,79.3,79.4,79.1,78.9,79.6,78.1,78.4,78.4,76.5,76.0,76.4,75.9,76.0,76.0,76.8,76.3,76.1,76.1,76.4,76.7,76.5,77.1,76.9,77.3,77.4,77.8,76.9,77.1,77.1,77.4,77.2,77.8,78.1,78.4,78.5,78.3,79.0,79.1,79.2,79.2,80.0,80.0,80.4,80.3,80.4,80.4,80.9,80.8,80.8,80.9,81.2,81.4,81.2,81.2,81.2,81.4,81.3,81.3,81.0,81.6,81.8,81.9,82.2,82.2,82.7,82.3,82.3,82.5,83.0,83.0,82.7,82.6,82.3,82.0,82.2,82.4,82.2,83.2,82.8,82.7,82.6,83.0,83.2,83.4,83.2,83.1,82.5,82.8,82.7,82.6,82.6,82.4,81.7,81.3,81.0,80.9,80.2,80.1,80.0,79.3,79.3,77.5,76.9,76.2,75.2,75.1,74.8,74.7,74.7,74.8,74.4,74.1,73.7,73.6,73.0,73.7,74.0,74.5,74.6,74.7,74.7,74.8,74.7,74.8,74.8,75.2,75.4,75.3,75.9,75.4,75.6,75.5,75.2,75.6,74.8,75.3,75.3,75.6,75.5,76.0,75.4,75.8,75.6,75.6,75.4,75.4,75.8,76.4,76.1,76.2,76.3,76.7,76.8,77.0,77.1,77.2,77.7,78.2,78.6,78.7,78.7,78.9,78.7,78.9,78.9,79.2,79.3,79.6,80.2,80.0,79.6,79.9,80.4,80.3,80.5,80.4,80.5,80.8,81.0,81.3,81.6,81.6,82.2,82.7,82.4,82.0,82.0,82.3,82.3,82.1,81.8,82.1,82.2,82.2,81.7,81.0,80.7,81.3,80.9,80.7,80.7,80.3,80.7,80.2,81.0,80.9,80.9,81.2,81.0,80.7,80.9,80.9,81.1,81.3,81.1,80.5,80.7,80.4,80.4,80.5,80.7,81.2,81.5,81.9,81.2,80.9,80.4,80.5,80.5,80.5,80.0,80.4,81.0,81.0,81.0,80.7,68.5,69.3,75.3,76.9,77.9,79.2,79.9,80.6,80.7,80.8,80.7,80.8,81.3,82.3,82.4,82.6,83.0,83.7,84.0,85.9,87.9,87.6,88.4,88.7,89.0,89.2,89.1,89.9,90.1,90.2,91.0,90.9,90.7,90.7,90.5,91.1,90.9,91.7,91.6,91.6,90.7,90.4,,,
Florida,1506.6,1509.9,1513.5,1515.3,1519.5,1526.9,1521.6,1526.3,1528.1,1525.2,1528.6,1531.9,1520.4,1523.1,1526.3,1523.4,1520.5,1518.3,1515.4,1513.7,1511.1,1506.9,1501.0,1496.2,1500.1,1498.2,1499.0,1497.2,1497.1,1495.1,1492.6,1493.4,1492.2,1492.4,1487.7,1489.3,1485.5,1483.5,1481.7,1480.8,1479.9,1480.3,1483.3,1485.3,1487.7,1491.3,1493.8,1494.4,1505.8,1508.6,1511.5,1516.1,1519.9,1523.5,1527.3,1529.3,1522.8,1538.0,1547.9,1552.7,1557.3,1563.5,1566.6,1577.2,1582.9,1586.5,1594.8,1598.9,1602.6,1604.0,1601.1,1606.8,1609.0,1611.8,1616.8,1618.3,1618.6,1621.0,1620.1,1622.6,1622.7,1623.4,1624.8,1628.8,1630.2,1629.9,1631.8,1633.4,1634.7,1633.3,1629.2,1627.3,1627.9,1625.2,1628.4,1625.4,1623.5,1621.2,1616.0,1605.5,1597.8,1589.5,1584.0,1576.9,1570.1,1555.2,1542.3,1531.8,1517.8,1506.8,1494.9,1482.6,1478.6,1473.7,1466.7,1462.8,1462.1,1455.4,1454.7,1450.1,1455.1,1456.2,1458.1,1461.0,1462.5,1464.4,1463.1,1464.7,1463.3,1470.5,1469.0,1472.6,1474.4,1475.8,1478.8,1487.1,1486.1,1488.1,1496.3,1498.3,1502.8,1503.6,1505.1,1507.0,1511.7,1514.0,1517.0,1521.6,1524.0,1525.8,1527.1,1528.1,1532.7,1534.5,1535.8,1535.1,1540.7,1545.3,1547.3,1550.2,1553.8,1560.2,1564.8,1568.2,1571.9,1577.7,1580.2,1586.0,1586.0,1592.3,1597.4,1603.3,1605.8,1609.3,1613.5,1620.0,1625.6,1630.3,1639.3,1645.7,1648.2,1651.5,1655.8,1658.6,1664.6,1672.9,1672.3,1679.7,1681.1,1685.5,1688.8,1692.3,1684.4,1690.3,1694.4,1699.2,1704.1,1705.2,1712.7,1715.1,1720.7,1721.1,1720.3,1723.3,1725.2,1725.0,1725.2,1730.2,1731.5,1733.6,1735.0,1738.1,1708.6,1742.6,1751.3,1752.4,1757.4,1761.8,1764.1,1767.9,1771.4,1774.1,1774.1,1776.8,1781.9,1780.8,1782.4,1780.1,1788.5,1787.8,1790.3,1792.3,1792.5,1795.8,1800.4,1802.0,1801.2,1810.5,1808.4,1811.8,1811.2,1807.8,1806.3,1605.7,1654.4,1718.9,1723.7,1741.8,1748.5,1750.7,1750.3,1755.4,1780.5,1787.3,1797.0,1793.9,1810.9,1821.8,1836.2,1841.5,1855.6,1881.2,1878.1,1886.5,1882.0,1908.5,1909.2,1921.3,1925.9,1926.5,1938.0,1942.8,1949.7,1950.8,1954.7,1958.7,1957.8,1972.0,1977.4,1975.5,1976.9,1979.2,1988.4,1995.8,2000.3,,,
Georgia,839.0,847.1,849.8,852.7,852.7,853.8,850.6,852.0,853.2,855.1,853.3,855.3,860.2,859.2,858.2,846.4,844.3,843.5,845.3,841.6,839.9,836.2,832.8,830.7,827.6,827.3,825.8,826.3,825.8,827.8,821.5,819.5,818.0,825.5,824.6,829.9,814.1,813.1,812.5,809.4,809.3,809.4,810.4,812.2,813.2,812.1,813.0,814.0,813.5,813.8,815.7,816.1,817.0,817.7,818.8,819.7,818.7,822.3,823.2,823.6,827.6,829.9,829.2,841.9,841.8,841.8,846.0,845.9,847.4,847.5,850.1,851.5,851.5,852.0,854.9,863.0,863.9,864.5,857.3,860.2,862.8,868.2,869.4,871.9,877.1,875.0,876.1,877.0,878.0,880.0,877.2,876.8,876.7,876.7,876.4,875.9,878.8,878.6,878.7,874.0,869.7,867.0,864.4,862.1,858.7,850.5,842.3,837.9,830.0,822.8,817.4,811.5,809.2,806.4,803.1,801.8,798.8,795.8,796.0,794.4,794.0,794.8,794.8,794.9,795.2,795.7,797.2,797.9,797.9,802.0,800.9,801.8,796.7,805.1,806.0,808.7,808.2,808.7,808.5,809.6,811.2,810.7,811.4,810.4,813.9,814.5,816.6,818.2,819.6,818.9,818.4,818.8,819.1,820.6,822.3,820.9,821.8,823.4,823.4,824.1,825.1,827.6,831.2,834.6,834.9,835.9,835.4,838.7,843.4,842.2,845.9,850.7,851.9,853.8,856.2,858.8,860.3,863.9,867.5,872.0,870.6,872.2,874.3,876.7,880.2,885.2,885.8,888.3,890.8,894.7,896.0,897.3,897.6,899.9,901.8,903.7,904.6,905.5,907.4,907.5,910.1,910.3,911.2,914.5,915.4,917.5,919.3,918.7,918.9,921.5,922.1,924.4,922.8,926.6,927.5,927.6,928.1,931.7,935.3,937.8,940.7,941.4,942.9,944.7,946.6,945.6,948.4,947.3,953.4,951.6,954.8,953.7,956.3,957.3,960.8,960.2,963.7,962.5,964.4,966.1,967.4,965.1,963.0,872.3,894.5,924.5,927.6,942.5,944.1,950.6,955.2,960.1,958.6,965.7,968.5,962.4,971.0,973.8,984.4,985.5,991.7,999.6,1001.6,1004.6,1011.2,1023.5,1025.8,1029.9,1030.1,1029.5,1031.8,1034.0,1036.5,1029.7,1025.7,1022.5,1020.9,1024.5,1025.4,1028.3,1031.0,1030.5,1029.7,1025.5,1024.3,,,
Hawaii,110.0,110.3,110.4,110.1,110.1,111.0,111.1,111.4,111.9,112.0,113.0,112.5,112.9,112.9,113.2,112.9,112.8,112.9,112.5,112.5,112.1,109.3,106.3,106.3,106.2,106.0,106.2,106.7,106.8,107.2,107.6,107.7,107.8,108.0,107.8,108.2,108.2,108.3,108.2,108.0,107.9,107.7,108.4,108.4,108.6,108.7,108.9,109.3,110.0,110.1,110.4,111.9,112.3,112.6,112.9,113.2,113.7,115.1,115.6,115.5,115.7,116.4,116.5,117.5,118.0,118.1,119.2,119.4,119.9,119.7,119.5,119.9,120.0,120.4,121.0,121.4,121.6,122.1,121.7,122.6,122.6,121.3,122.0,122.1,122.2,121.8,122.6,122.2,122.4,122.5,122.3,122.3,122.1,122.2,123.4,123.8,122.9,122.4,122.2,120.9,120.5,119.3,118.4,118.2,117.2,115.9,114.9,113.9,114.0,113.9,113.0,112.3,111.9,111.6,111.4,111.0,111.3,110.9,110.4,110.3,110.4,110.6,110.4,111.2,110.8,110.7,111.0,111.3,110.8,111.4,111.2,111.4,111.5,111.9,112.0,111.9,112.0,111.8,112.4,112.4,112.7,113.4,113.4,113.6,114.2,114.4,114.8,114.9,115.5,115.8,115.9,116.2,116.4,116.4,117.6,117.0,116.7,117.3,117.5,117.7,117.8,118.0,117.9,118.3,118.4,118.1,118.4,118.4,118.0,117.9,118.2,118.4,118.7,118.7,118.8,118.6,118.9,119.1,119.3,120.1,120.0,120.4,120.7,120.6,120.6,120.7,120.8,120.9,120.9,120.9,121.0,120.8,120.5,121.1,120.7,120.8,120.7,120.5,121.2,121.6,122.2,122.2,122.1,122.7,122.5,122.6,122.7,122.7,122.7,122.9,123.0,123.5,123.9,123.9,123.6,123.9,123.8,124.0,124.2,124.6,124.6,124.9,124.9,124.9,124.9,124.6,124.6,124.3,124.3,124.3,124.2,125.5,125.5,125.9,125.6,125.9,126.4,125.9,125.7,125.4,126.2,125.8,124.8,96.6,95.6,99.0,98.4,98.8,95.3,100.0,101.4,102.7,103.4,104.1,105.2,107.3,109.0,110.4,111.5,111.8,111.7,113.1,113.1,113.2,112.2,113.3,114.2,114.6,114.5,114.7,116.1,116.5,116.7,115.8,115.8,115.7,116.4,116.2,116.3,116.3,116.5,116.4,117.0,116.8,115.5,,,
Idaho,118.0,118.2,118.5,119.5,119.8,120.3,121.1,122.9,122.6,122.1,121.8,121.3,117.4,117.2,117.3,116.8,116.7,116.5,115.1,115.3,115.2,114.7,114.5,114.5,115.0,114.8,114.6,115.0,115.3,115.0,114.9,115.1,114.9,114.8,114.9,115.0,115.1,115.0,115.1,114.6,114.3,114.5,114.7,115.2,114.9,114.9,115.2,115.4,115.3,115.5,115.9,116.4,117.1,117.2,117.4,117.1,117.0,117.8,118.1,118.7,119.3,120.0,120.4,120.7,120.9,121.2,122.2,122.6,123.0,122.9,123.5,124.0,124.2,124.6,125.0,125.7,126.1,126.8,126.5,127.1,127.8,128.0,128.7,129.1,130.2,130.6,131.7,131.3,131.1,131.3,131.2,131.2,131.0,131.6,132.5,132.3,132.0,131.9,131.9,131.5,131.5,131.3,131.2,130.6,129.6,128.8,128.0,127.4,124.7,124.0,123.1,121.9,121.9,121.3,120.5,120.2,120.3,120.0,119.6,119.1,119.7,119.6,119.6,119.7,120.0,119.9,119.7,120.3,119.5,120.3,120.1,120.1,119.9,120.0,120.0,120.6,120.7,120.5,121.4,121.8,122.5,122.4,122.9,123.1,123.6,123.6,123.9,123.4,124.1,124.6,124.8,124.7,125.3,125.5,126.1,125.9,125.7,126.2,126.2,126.6,126.9,127.2,127.4,127.4,127.7,127.9,127.8,128.1,128.7,128.7,129.0,129.9,130.1,130.5,130.4,130.3,130.4,130.9,131.5,131.7,132.4,132.8,133.4,133.5,134.0,134.3,134.7,134.7,135.0,135.4,136.0,136.3,135.5,136.3,136.4,136.8,136.3,136.4,136.9,137.3,137.9,138.2,138.0,138.1,137.9,138.1,138.1,138.1,138.3,138.7,139.0,139.1,139.4,139.6,139.9,140.5,140.7,140.9,140.9,141.1,142.0,142.2,142.5,143.0,142.9,142.7,142.9,142.9,143.6,143.5,143.5,144.3,144.2,144.2,144.4,144.4,144.8,145.4,145.8,146.1,146.6,146.1,146.4,134.2,139.9,144.3,145.0,146.9,148.0,149.2,150.9,153.1,153.7,154.7,155.6,155.8,156.3,157.2,157.3,157.9,158.4,159.3,160.1,160.5,160.5,161.7,161.6,161.4,161.4,161.2,161.5,161.6,161.9,161.8,161.7,161.8,162.0,162.3,161.9,162.2,162.9,163.3,162.3,162.5,163.4,,,
Illinois,1233.5,1235.8,1236.4,1237.4,1236.9,1237.8,1239.3,1242.6,1244.2,1243.5,1245.2,1245.2,1242.9,1241.2,1239.1,1238.0,1233.4,1231.8,1222.3,1216.6,1213.9,1204.4,1200.9,1197.4,1196.4,1193.2,1191.9,1191.3,1189.9,1188.0,1189.6,1189.2,1188.5,1188.2,1187.7,1187.4,1185.5,1183.9,1181.3,1178.3,1176.6,1174.6,1170.6,1170.5,1170.7,1171.1,1170.6,1170.6,1169.8,1169.2,1169.8,1171.0,1173.3,1172.7,1171.9,1173.2,1174.3,1176.5,1175.0,1174.9,1173.6,1174.6,1175.7,1179.4,1178.4,1176.4,1180.3,1181.8,1183.5,1182.3,1182.6,1184.0,1183.8,1187.5,1188.5,1189.6,1189.1,1190.6,1191.1,1191.8,1192.9,1191.9,1193.6,1196.5,1201.2,1199.7,1204.0,1200.3,1203.3,1204.4,1204.5,1202.3,1203.4,1202.9,1207.4,1209.5,1209.5,1207.9,1207.3,1205.1,1202.7,1199.3,1198.0,1194.7,1190.4,1185.6,1179.4,1173.4,1163.5,1157.0,1147.2,1138.5,1135.4,1130.5,1123.5,1122.1,1119.6,1115.7,1114.8,1111.5,1111.6,1112.2,1113.4,1116.8,1117.2,1118.0,1118.2,1119.8,1119.4,1121.8,1121.2,1123.1,1127.1,1129.4,1131.4,1135.8,1134.4,1135.3,1136.4,1137.5,1140.2,1139.6,1140.4,1142.3,1143.0,1144.3,1147.8,1146.4,1145.7,1145.6,1147.3,1147.0,1148.0,1150.6,1155.5,1151.6,1149.1,1151.7,1151.1,1151.2,1152.0,1154.0,1155.7,1157.2,1156.5,1157.7,1157.6,1160.9,1162.2,1160.0,1163.2,1165.4,1168.2,1170.5,1171.3,1173.0,1174.0,1174.9,1179.0,1181.1,1181.5,1182.2,1184.2,1188.3,1192.4,1195.1,1194.4,1196.7,1197.6,1198.2,1198.4,1197.3,1196.3,1198.4,1198.4,1204.1,1200.5,1198.8,1201.5,1202.0,1203.1,1210.3,1206.4,1209.7,1204.3,1205.9,1203.8,1203.4,1200.4,1201.9,1201.2,1203.9,1208.2,1206.3,1207.4,1210.3,1206.9,1208.2,1209.6,1206.3,1207.1,1207.6,1208.2,1205.1,1203.3,1201.5,1201.8,1200.6,1200.9,1199.3,1198.7,1200.1,1200.5,1201.7,1200.6,1199.8,1199.2,1197.2,1198.9,1200.4,1198.7,1197.5,1195.1,1068.5,1077.4,1120.4,1146.6,1155.3,1159.6,1164.3,1163.4,1163.3,1171.0,1166.3,1167.6,1165.6,1168.4,1173.2,1176.0,1177.2,1177.7,1187.1,1191.0,1200.0,1198.2,1213.8,1214.6,1216.9,1217.2,1216.5,1224.7,1226.3,1227.2,1226.9,1220.8,1222.7,1223.0,1224.4,1222.3,1222.3,1220.7,1221.2,1222.6,1222.5,1225.9,,,
Indiana,613.5,614.8,617.3,616.1,615.6,615.5,616.1,616.3,615.7,620.5,617.9,618.7,608.6,607.2,605.6,604.1,602.5,602.1,598.8,597.5,595.7,593.7,590.3,588.6,585.7,585.4,583.8,580.6,581.0,581.5,582.1,581.0,580.1,577.2,577.0,576.9,575.6,574.2,573.7,574.7,573.3,572.6,571.5,571.7,572.1,572.9,573.8,572.9,573.8,573.8,574.8,575.7,576.6,576.9,578.2,578.5,576.7,578.8,578.6,579.8,577.9,580.5,580.6,582.3,583.1,581.4,583.9,583.6,585.1,585.4,585.2,585.0,585.1,585.8,586.2,584.5,583.7,584.2,583.4,583.8,584.3,584.8,584.6,585.6,587.0,585.7,588.7,587.5,587.5,589.1,586.7,584.3,584.3,584.2,585.7,585.8,584.7,585.1,583.3,582.7,582.5,581.7,580.0,579.9,577.6,573.6,569.9,566.3,560.8,557.9,553.4,549.7,549.2,548.6,545.6,544.4,543.3,540.9,541.2,539.3,539.7,538.8,540.9,541.3,541.1,541.6,542.9,542.6,541.9,544.5,544.3,544.6,546.3,547.4,548.0,549.5,550.0,549.6,551.0,551.7,552.1,553.2,553.9,554.8,556.8,557.4,558.5,558.6,558.9,559.6,559.7,558.7,560.5,561.6,563.6,562.8,560.7,563.0,562.5,564.1,565.6,567.5,566.5,568.2,569.3,570.2,571.3,572.4,569.0,569.8,571.1,572.1,572.2,572.5,573.1,573.6,573.9,573.0,575.4,576.6,576.5,576.6,577.4,578.0,580.6,581.5,582.3,585.1,584.7,587.6,588.0,588.8,591.3,592.7,593.6,593.8,592.6,592.1,595.3,594.6,595.8,594.6,595.6,595.7,594.4,595.6,595.2,596.9,595.3,596.1,595.1,595.7,596.4,594.3,595.7,595.1,594.1,594.3,595.8,595.3,597.8,598.8,599.9,599.9,601.1,598.9,599.0,598.6,602.5,601.5,601.0,600.2,599.4,599.0,598.6,599.2,599.5,602.1,603.4,604.3,596.7,598.7,597.6,543.7,566.7,587.0,588.6,594.3,598.8,602.1,603.6,604.1,607.1,606.9,608.0,605.8,606.8,606.5,610.7,611.9,609.3,615.0,618.1,619.9,622.5,628.2,629.6,632.1,630.8,630.0,633.2,632.3,633.4,634.3,636.1,636.2,637.8,637.4,638.5,639.1,638.2,635.7,634.7,633.2,638.8,,,
Iowa,314.8,316.4,317.2,316.2,315.0,315.1,315.6,315.3,315.4,315.7,315.6,315.5,315.0,314.3,313.1,312.7,312.5,311.4,310.6,310.8,309.9,307.8,308.1,307.2,307.8,306.8,306.1,306.3,305.3,306.2,305.7,305.4,305.5,304.8,304.5,304.5,303.6,303.1,303.1,303.0,303.6,302.3,303.0,302.5,302.7,303.1,303.2,302.4,303.5,303.9,303.8,303.5,303.3,303.5,305.7,305.7,304.7,304.9,305.1,305.2,304.0,305.0,306.0,306.2,306.0,305.6,306.4,306.2,306.9,306.4,306.8,307.2,307.6,308.1,308.3,309.5,308.8,308.7,307.4,307.4,307.8,308.4,308.3,309.2,309.4,309.0,308.7,308.4,309.3,309.6,308.3,307.4,308.0,307.8,308.8,308.7,310.4,310.3,310.5,309.1,309.1,308.6,308.9,309.3,309.1,308.9,307.6,307.5,305.7,305.5,304.2,302.6,302.6,302.3,302.2,302.2,300.9,299.3,299.4,298.1,298.3,298.0,298.3,299.2,298.9,299.2,299.4,299.3,298.6,300.0,299.3,299.4,299.7,300.3,300.7,301.8,302.5,302.5,302.4,303.0,303.4,304.1,304.5,305.0,305.4,305.4,305.2,305.6,305.8,305.9,306.6,307.0,308.2,308.0,308.7,309.0,308.3,308.9,309.1,309.1,310.0,310.2,310.8,310.9,311.4,311.4,311.8,311.7,311.0,311.0,310.9,311.7,311.3,311.5,310.8,311.5,311.9,312.0,313.0,314.0,314.3,314.4,315.0,313.8,314.2,314.8,314.6,314.2,314.2,314.9,314.7,313.8,314.7,315.4,315.5,315.5,314.5,313.4,316.2,316.5,315.7,314.8,313.8,314.9,314.1,315.0,314.7,315.3,314.6,314.4,314.1,314.5,314.2,313.6,313.0,313.3,312.4,312.6,312.1,312.0,313.4,313.6,313.1,313.0,312.7,311.6,312.4,311.5,312.0,310.5,310.9,310.9,310.7,310.0,310.6,310.3,310.6,310.4,310.5,310.1,309.6,309.0,308.5,281.7,288.6,297.2,299.2,299.7,302.9,305.0,303.1,306.6,307.6,307.1,308.4,307.1,307.2,307.2,309.0,309.3,308.3,309.5,310.4,310.4,310.7,316.0,314.7,314.1,313.1,312.8,311.3,311.3,312.7,313.1,311.7,311.7,312.4,312.5,312.3,313.9,313.6,313.4,313.2,311.1,310.8,,,
Kansas,275.4,275.3,275.4,275.4,274.5,275.4,273.9,274.3,274.0,273.5,274.2,273.8,274.3,273.3,272.4,271.7,271.9,270.9,271.4,271.0,269.5,269.4,268.0,268.1,268.4,266.8,266.2,267.6,267.0,266.7,265.9,265.1,264.7,263.7,263.4,262.8,262.2,261.6,261.0,261.0,260.7,259.4,260.6,260.8,261.4,261.0,260.8,260.5,260.8,260.0,260.2,261.1,261.9,261.8,261.2,260.6,262.8,261.9,261.6,260.7,260.8,261.2,261.2,260.5,260.4,259.7,259.9,259.7,259.6,259.1,259.3,259.7,259.4,259.7,260.0,259.0,258.4,258.4,258.3,259.0,260.3,259.2,258.8,260.5,260.9,261.3,263.6,262.0,262.2,261.9,262.6,262.3,262.2,262.6,262.9,262.4,263.4,263.4,263.0,262.1,261.6,261.7,263.2,261.8,261.0,260.9,260.2,259.7,259.6,258.6,257.4,254.7,253.6,253.4,252.4,251.8,251.6,250.2,249.9,249.4,249.3,249.2,249.2,250.5,250.7,251.1,251.1,251.1,250.4,252.2,251.7,251.7,252.0,252.3,250.6,253.8,253.8,252.1,253.5,253.4,253.5,253.7,254.1,253.7,254.7,254.5,254.7,254.8,254.9,256.5,254.0,253.7,254.8,255.1,254.9,255.1,255.1,255.8,255.5,255.6,255.7,256.7,256.6,257.2,257.7,258.0,258.1,258.5,258.5,258.0,260.1,260.6,260.8,261.2,261.6,261.9,261.8,262.1,262.3,263.5,263.3,262.8,262.7,262.7,264.0,265.5,264.8,265.3,265.3,265.5,265.3,264.7,265.3,266.3,266.0,267.2,267.1,267.1,267.6,267.2,267.1,267.1,267.1,267.0,266.6,267.2,266.9,265.5,265.4,265.1,266.0,267.9,268.8,268.3,269.5,269.1,269.3,268.9,268.6,269.0,269.4,269.8,269.0,268.4,268.8,268.2,268.3,268.0,268.4,267.1,266.7,267.6,267.1,266.4,266.8,267.3,266.9,267.1,267.0,267.4,266.3,266.5,266.1,242.1,249.3,258.0,259.6,261.8,262.6,263.0,263.6,264.3,265.8,264.9,266.2,265.3,266.3,267.0,268.1,267.4,266.6,269.1,269.5,270.0,270.9,273.4,272.7,273.0,272.2,272.4,273.6,273.8,274.6,274.9,274.0,274.2,273.7,274.2,274.4,275.8,274.7,273.8,273.5,274.0,274.8,,,
Kentucky,386.6,387.7,389.3,389.8,390.5,390.5,391.1,390.7,392.1,391.9,390.4,388.9,386.4,386.1,383.2,382.1,380.0,379.1,377.4,376.6,375.2,375.8,374.2,372.1,373.6,373.5,373.5,371.7,371.7,371.3,371.6,370.9,370.1,369.8,370.2,370.9,369.4,369.4,369.8,369.2,369.4,369.2,369.2,371.1,371.3,371.6,371.3,371.9,371.3,371.6,371.7,371.7,371.9,372.3,371.4,372.5,373.9,375.1,375.3,375.7,376.0,376.6,376.3,376.9,377.1,376.7,378.6,378.3,378.2,376.1,377.5,377.8,378.2,378.4,380.1,379.5,379.7,380.0,378.8,379.1,379.7,380.6,380.7,382.6,384.7,385.0,386.9,385.5,386.1,386.4,385.4,384.8,385.5,386.3,385.6,384.7,384.7,384.9,382.6,383.1,382.4,381.9,381.8,382.0,378.4,376.4,375.1,374.5,369.7,367.0,364.1,363.0,362.8,362.4,361.1,360.6,361.0,359.9,359.5,359.1,358.5,358.9,359.0,359.8,360.2,360.1,360.4,360.8,360.8,363.4,362.4,364.0,363.1,363.6,364.0,364.6,363.6,364.3,365.5,365.7,366.5,366.8,368.4,368.3,367.8,368.4,368.8,369.1,369.4,369.6,369.2,368.7,369.8,368.8,368.2,367.5,368.0,368.6,368.6,368.5,368.5,369.1,369.7,370.4,370.8,371.3,372.0,373.4,372.1,372.5,373.3,374.4,375.0,376.1,376.3,377.9,378.4,379.8,380.4,383.0,382.8,383.0,383.0,383.4,385.2,386.2,386.8,387.5,388.1,388.9,389.0,387.8,391.0,392.4,393.2,394.0,394.6,393.2,396.7,396.9,396.7,396.5,395.8,396.1,395.2,396.0,396.4,397.2,397.8,397.9,397.2,398.4,400.2,400.9,401.7,402.2,401.9,401.6,401.9,403.0,403.3,405.5,404.4,403.8,403.5,403.3,405.0,404.8,407.3,404.1,403.5,403.3,403.7,403.9,405.3,404.8,404.9,405.0,405.5,406.3,404.3,404.2,403.4,365.3,376.4,392.1,396.0,399.3,401.5,403.2,404.5,407.5,407.9,406.8,409.5,407.9,410.1,409.7,411.6,412.4,412.9,420.3,420.9,420.9,421.0,424.5,425.5,424.0,422.8,421.7,423.8,424.8,426.8,429.3,428.2,429.6,432.0,431.7,433.5,433.3,431.9,431.2,430.0,431.3,434.5,,,
Louisiana,388.7,390.6,390.6,389.9,390.8,390.9,389.0,391.0,390.9,390.9,390.8,392.2,390.7,390.8,390.1,389.9,388.8,388.8,388.1,388.9,387.7,387.2,386.5,385.2,384.5,384.0,383.8,385.2,385.2,385.7,385.2,384.2,384.0,382.4,383.1,383.0,383.1,382.8,381.3,380.7,380.0,380.0,379.4,379.8,379.6,380.8,381.3,380.2,380.2,380.6,380.9,380.0,380.5,380.7,378.9,379.0,377.4,379.0,378.7,378.1,379.4,379.3,379.9,381.8,382.9,383.8,386.6,386.3,355.1,348.6,356.8,359.5,364.3,367.4,371.2,370.6,371.8,374.3,374.7,375.7,376.9,376.9,377.0,378.4,381.6,382.3,383.7,381.0,380.8,381.5,382.0,382.2,383.2,385.7,386.2,386.5,386.3,386.4,386.2,385.0,384.9,383.8,383.2,383.9,378.9,382.5,381.3,381.0,378.3,376.7,374.7,370.0,369.8,369.9,370.6,369.6,369.0,365.9,364.4,361.4,362.4,362.6,363.6,364.7,366.0,366.6,366.8,367.4,367.8,369.8,370.5,371.0,372.5,373.0,372.9,374.0,374.5,373.8,375.6,375.1,375.1,373.9,374.8,375.1,376.3,376.9,377.0,378.0,378.0,378.1,377.2,376.9,376.8,378.4,380.9,379.1,380.6,381.3,381.9,381.9,381.2,381.9,382.7,383.4,385.4,384.5,384.1,384.9,385.6,385.9,386.3,387.3,388.4,389.1,389.8,390.7,391.8,391.3,393.0,394.7,394.2,393.6,393.2,392.9,393.4,393.8,393.8,393.9,392.9,393.5,392.5,391.1,390.4,390.3,389.9,389.1,388.5,387.9,388.5,386.4,386.6,386.4,386.0,385.7,384.3,384.4,383.6,383.6,383.2,383.2,381.9,381.5,381.5,380.0,379.9,379.5,380.2,380.6,381.4,381.4,382.2,381.9,381.3,381.8,382.0,381.1,382.0,380.6,380.7,380.1,379.8,379.9,379.5,379.9,379.7,379.5,379.5,378.6,377.9,377.7,378.6,377.4,375.4,337.9,343.9,355.4,357.5,359.9,360.5,362.7,363.1,363.7,363.9,364.5,365.8,364.5,366.9,367.0,368.1,368.3,362.7,370.3,371.1,372.8,372.1,375.2,373.7,373.8,374.3,375.1,376.1,376.7,377.7,374.3,374.1,371.8,371.4,371.0,370.1,370.7,370.3,369.8,370.0,373.1,373.1,,,
Maine,121.1,121.1,121.3,121.6,121.2,121.7,122.7,122.6,123.4,122.9,123.2,122.5,123.5,123.3,122.8,123.3,123.5,123.2,123.1,122.9,122.9,123.0,122.5,122.0,122.7,123.0,123.2,123.7,123.4,123.5,123.6,123.3,122.8,121.5,120.7,121.5,122.3,121.7,121.9,122.0,122.5,122.6,122.9,123.3,123.1,123.3,123.7,123.4,123.9,124.6,124.7,124.7,124.8,124.7,124.7,124.6,124.5,124.9,124.9,125.3,124.9,125.4,124.7,125.1,124.3,124.2,124.2,124.2,124.7,124.1,124.2,124.5,125.1,124.5,125.1,125.7,124.6,124.6,124.3,124.3,124.8,124.8,125.6,125.6,125.1,125.2,125.7,124.8,124.9,125.0,125.7,125.2,124.6,124.5,125.4,125.4,125.9,125.6,125.5,125.6,125.0,124.6,124.2,123.5,123.0,122.7,121.7,121.0,120.7,119.5,118.9,118.4,118.7,117.9,117.7,117.6,117.7,116.9,116.8,116.7,116.6,116.2,116.3,116.2,116.2,116.2,116.3,116.2,115.8,116.0,115.6,116.0,115.9,116.4,116.1,116.5,115.9,115.7,116.1,116.3,116.5,116.7,116.6,116.6,116.8,117.1,117.1,116.7,117.0,116.8,116.3,116.3,116.4,116.6,117.3,116.6,116.2,116.2,116.1,116.4,116.7,117.5,118.1,118.0,118.2,118.0,118.2,118.3,118.1,118.4,118.3,118.4,118.4,118.2,118.2,118.4,118.6,118.8,119.0,119.0,118.8,118.6,118.6,118.9,119.2,119.4,119.3,119.1,119.1,119.3,119.2,119.2,119.5,119.6,119.8,119.9,119.9,119.7,119.8,119.7,120.0,119.4,119.4,119.5,119.6,119.1,119.4,119.4,119.2,119.5,119.9,119.8,119.6,119.7,119.6,119.8,119.4,119.5,119.5,119.4,119.4,119.5,119.2,118.5,118.9,119.1,119.4,118.8,118.9,119.3,118.5,118.7,118.6,118.7,118.7,119.0,118.6,118.8,118.2,118.2,118.1,117.0,116.9,100.5,104.3,108.7,110.4,111.8,113.2,114.5,115.3,115.6,116.7,117.2,117.2,117.0,117.0,117.1,117.3,117.2,116.5,117.0,117.4,117.6,117.7,118.6,118.9,119.3,118.8,118.5,119.2,119.6,119.7,119.7,120.6,121.4,120.6,121.0,120.5,120.0,120.1,118.9,119.0,119.2,119.9,,,
Maryland,466.0,466.8,467.2,469.3,468.5,470.4,470.8,472.8,473.4,473.3,474.5,478.2,474.6,472.6,470.3,468.0,467.6,467.1,465.9,465.1,464.9,464.2,463.0,463.4,465.9,465.4,466.5,466.4,465.9,465.7,464.7,463.0,462.7,462.4,459.8,460.6,459.5,459.3,459.5,460.6,461.2,460.5,461.1,462.2,462.4,462.8,464.2,463.9,463.5,464.7,465.7,465.6,466.1,468.2,466.6,467.4,468.1,468.9,468.3,469.0,466.1,468.9,468.2,469.2,469.5,468.8,472.7,472.7,473.1,471.9,471.1,473.2,474.1,474.5,475.2,475.5,475.0,474.7,473.7,474.0,473.7,474.8,475.9,476.9,478.0,476.4,477.9,475.8,476.8,476.1,475.9,473.5,472.7,472.7,472.8,474.4,472.6,471.5,470.4,468.4,466.8,465.4,464.7,463.3,461.1,458.4,454.2,451.7,448.3,446.7,443.1,440.6,440.0,438.8,436.7,436.3,436.1,434.0,434.5,431.5,432.3,427.7,434.4,438.8,438.7,438.5,438.9,438.9,438.2,440.4,439.4,439.8,440.3,441.5,441.7,442.8,442.8,442.9,443.4,444.0,444.5,445.4,445.6,445.6,447.9,448.8,450.9,449.4,449.5,449.4,448.1,447.9,450.1,449.8,449.6,449.4,449.6,450.1,450.2,449.1,449.8,449.7,450.6,450.8,450.8,450.8,450.5,451.4,452.4,451.5,452.8,453.3,453.4,454.7,455.2,455.9,455.6,455.4,456.8,458.2,457.8,458.2,458.4,460.4,461.8,463.6,463.8,463.3,463.9,465.0,463.9,464.0,464.2,465.3,467.1,467.4,467.4,466.9,467.0,468.0,468.8,468.5,467.5,467.6,467.6,467.0,466.8,468.2,468.1,468.8,468.4,469.2,469.6,469.2,470.4,468.1,468.6,469.7,469.9,469.6,469.6,470.0,470.7,470.7,471.0,472.5,474.9,472.1,469.1,468.1,468.8,467.4,467.9,468.3,469.3,470.0,471.2,470.9,471.7,471.0,470.4,470.6,469.7,406.4,409.9,428.4,442.1,446.3,451.8,456.3,454.8,456.7,462.4,461.1,462.7,463.3,463.3,465.2,468.3,468.5,467.5,470.7,470.4,472.1,474.9,480.6,479.3,477.8,477.1,474.9,480.0,480.0,480.7,473.7,474.2,474.7,477.4,475.6,475.5,476.5,475.2,472.1,471.7,471.2,471.4,,,
Massachusetts,593.8,595.1,596.3,595.6,593.9,593.9,594.9,594.7,596.7,598.9,599.3,601.9,598.0,597.3,596.2,595.7,594.3,594.6,591.5,590.4,587.8,586.5,585.7,582.6,580.7,580.1,580.4,580.6,580.5,581.0,581.8,579.7,579.2,577.6,575.4,575.3,572.1,571.5,573.2,574.6,574.6,574.0,573.4,573.0,573.9,573.4,574.0,570.6,571.6,573.0,574.3,571.6,572.0,571.6,570.9,570.2,569.9,571.9,571.0,569.8,568.5,571.6,570.5,571.2,570.7,569.4,569.6,570.0,569.5,567.0,566.8,567.8,569.7,568.4,569.6,571.3,569.1,569.0,569.2,570.0,571.1,569.8,570.6,571.7,570.4,570.5,570.6,569.5,570.7,571.3,570.7,569.0,567.9,569.9,572.2,571.0,574.1,572.4,572.5,571.8,570.9,570.0,569.4,568.5,565.9,563.1,559.3,556.6,550.5,548.3,544.8,540.2,541.0,541.3,537.8,537.5,538.8,538.6,538.8,537.7,540.7,540.3,540.8,542.2,543.6,542.4,543.5,544.1,542.8,544.6,544.0,545.5,545.3,546.6,546.7,547.6,546.5,544.8,548.0,547.9,549.7,548.7,548.7,548.3,549.4,549.1,550.0,548.0,549.7,550.8,550.9,550.8,550.7,552.1,553.7,552.6,552.0,553.2,553.6,554.4,555.6,556.3,555.8,556.6,556.8,556.1,556.2,557.6,559.3,560.1,561.5,562.1,561.9,561.4,560.9,550.9,563.3,564.9,567.0,568.9,566.5,563.7,566.0,566.4,568.7,569.0,569.6,570.1,569.8,570.7,571.1,570.9,571.1,572.1,573.8,574.3,574.1,573.6,576.4,576.6,575.6,575.9,575.3,576.3,576.6,576.4,577.4,579.3,578.7,580.0,581.0,581.3,581.9,581.9,581.2,581.1,581.1,581.7,580.5,580.5,581.3,581.8,579.9,579.2,578.6,577.8,578.7,578.7,579.1,579.6,579.3,579.2,580.0,579.8,580.5,580.3,580.2,579.7,581.0,580.8,580.3,579.4,575.8,464.5,468.4,493.4,512.0,521.1,527.7,539.2,541.7,543.7,545.5,545.6,548.1,548.8,550.0,549.4,550.2,550.3,548.1,553.9,553.9,554.9,557.4,564.8,565.8,567.0,564.9,564.7,566.0,566.3,566.7,567.4,569.5,570.5,571.4,572.1,571.5,571.6,572.3,573.1,575.1,574.7,576.3,,,
Michigan,878.2,878.8,882.2,882.8,881.7,880.8,874.8,876.9,879.5,885.1,885.3,887.1,878.1,876.8,873.2,872.6,867.6,864.2,857.6,856.1,852.5,849.3,846.0,841.1,839.4,836.8,837.8,838.1,837.9,836.5,834.6,833.6,834.8,828.3,826.9,824.6,821.1,818.7,817.6,814.8,815.4,815.3,813.3,814.4,816.1,816.9,813.9,812.7,810.3,810.1,809.2,810.5,811.0,809.2,809.2,807.7,805.1,808.6,807.5,806.5,803.7,805.2,805.3,806.6,806.1,804.1,807.7,805.1,803.6,801.3,800.5,799.5,797.0,796.3,797.4,797.9,795.5,795.7,792.5,791.8,791.8,790.9,790.8,791.5,791.9,790.4,789.2,788.3,788.0,786.8,785.2,784.4,783.9,783.2,783.4,783.7,784.2,783.6,782.8,775.8,774.5,772.7,768.9,767.6,766.2,759.8,753.5,748.2,735.9,731.9,725.6,721.0,719.1,715.4,709.1,711.4,710.6,708.0,706.4,705.9,706.8,705.3,706.5,708.7,708.9,709.7,711.3,711.1,710.7,715.2,714.5,714.0,715.4,716.2,716.2,718.8,719.3,720.0,722.9,723.3,725.0,725.6,726.8,726.3,726.2,725.8,728.3,727.9,727.9,728.2,729.6,729.5,730.6,732.1,736.0,734.5,736.8,738.5,740.0,738.1,739.8,742.5,745.9,746.8,746.5,748.1,748.5,750.9,751.0,752.1,752.5,753.7,755.7,757.8,757.8,759.0,760.3,761.3,764.4,766.8,767.1,766.5,767.1,768.1,769.9,770.9,770.4,770.1,771.8,772.1,774.0,775.3,775.1,776.8,777.0,780.1,780.2,780.1,781.1,782.4,783.1,783.5,783.1,782.5,784.0,784.0,785.8,788.9,786.0,786.4,785.2,786.8,787.5,787.8,787.6,787.4,786.1,787.4,788.8,786.9,789.7,791.0,791.6,793.0,793.6,794.5,795.4,794.5,795.5,792.2,793.4,793.5,794.8,795.0,795.5,796.7,796.7,792.4,796.1,798.9,794.4,794.4,792.1,632.2,664.6,719.5,740.8,751.3,760.7,765.7,762.9,765.8,770.7,771.2,771.9,771.6,774.8,778.6,780.7,781.2,781.4,790.4,792.7,796.3,797.1,804.7,805.4,808.2,805.1,804.5,804.8,807.0,808.6,808.1,806.6,803.8,807.1,810.4,810.3,811.0,814.8,809.1,811.5,812.5,815.0,,,
Minnesota,534.8,537.3,536.4,535.2,534.4,536.5,536.5,538.1,538.3,539.2,539.4,540.8,543.0,543.4,542.0,539.2,539.7,539.1,538.1,536.6,533.3,532.4,530.4,528.6,527.7,526.4,525.1,524.9,524.3,523.1,521.3,520.3,520.0,518.5,520.0,521.1,522.2,521.4,520.1,520.4,519.8,518.1,516.3,517.2,517.0,516.3,515.4,514.8,515.4,515.7,515.7,518.8,520.7,521.6,523.5,523.4,523.2,523.8,524.3,524.9,520.5,522.0,522.7,524.1,524.3,523.9,525.6,526.3,525.5,526.0,526.7,527.4,528.1,528.1,528.0,527.2,525.6,526.5,525.0,524.1,524.3,522.1,524.7,524.1,526.2,527.6,526.6,526.5,526.8,526.8,527.0,526.6,526.2,526.0,526.1,526.7,526.1,525.7,525.7,522.9,522.2,519.1,519.3,518.6,516.7,514.7,511.5,508.3,506.0,503.6,499.7,494.7,494.9,492.9,490.7,489.5,487.8,486.6,486.4,485.1,485.4,485.0,484.7,486.2,485.6,487.2,486.5,485.4,485.8,487.0,487.0,486.5,485.8,488.3,488.9,490.6,492.2,491.7,493.4,493.6,496.1,494.6,495.1,495.9,496.1,496.2,497.4,497.9,498.0,497.3,497.4,498.3,499.2,500.3,502.3,500.8,502.8,504.2,504.2,500.4,503.5,504.9,504.8,507.2,508.4,508.6,508.9,510.4,508.5,508.7,508.7,509.6,510.7,511.4,512.1,513.0,512.3,513.3,514.2,516.8,515.2,515.8,516.5,517.9,519.3,520.2,520.1,521.3,521.4,522.5,522.9,522.7,521.6,524.3,524.8,527.4,526.8,525.2,529.1,529.9,529.7,529.2,527.6,528.5,531.9,532.6,532.9,533.4,532.5,533.4,533.4,533.1,534.1,532.8,533.9,533.7,534.5,535.7,536.1,533.0,534.8,533.8,534.6,534.2,534.4,530.8,533.2,532.3,533.5,531.2,530.8,530.6,530.2,529.0,529.1,529.6,529.1,529.6,531.1,530.7,530.1,529.4,527.7,464.9,473.4,488.2,494.8,502.4,504.8,508.3,508.0,511.3,511.8,512.3,514.7,512.5,512.8,513.7,515.7,516.9,510.9,516.2,517.0,517.0,518.3,525.7,525.7,527.5,526.6,525.6,526.8,527.3,528.3,525.6,526.6,529.2,532.0,532.5,529.5,531.6,531.2,532.9,534.7,533.9,535.8,,,
Mississippi,228.0,228.2,228.1,228.2,228.3,228.0,227.1,227.5,227.3,226.3,225.9,225.7,226.3,225.5,225.4,224.7,223.9,223.5,222.2,222.1,221.6,222.0,222.3,221.3,220.8,221.0,220.4,221.8,221.6,222.3,222.2,221.7,221.8,220.7,220.4,220.2,220.1,220.1,218.7,218.2,218.5,218.1,219.1,219.0,219.1,219.5,219.9,219.4,219.9,219.7,219.9,219.9,220.2,220.1,220.0,219.9,220.0,220.9,220.5,220.8,220.6,220.4,220.9,221.0,220.6,220.4,221.8,222.9,217.7,218.6,221.4,222.6,223.6,224.9,226.0,226.2,226.0,226.2,226.1,226.6,226.7,226.2,225.9,226.4,226.5,226.5,227.4,227.3,227.5,227.9,227.0,226.9,227.1,227.5,227.5,227.1,227.3,227.5,227.3,226.1,225.1,224.5,224.2,224.5,223.3,221.6,221.0,220.3,218.9,217.9,216.0,214.6,214.9,215.1,214.3,213.7,213.8,213.2,212.9,212.0,212.2,212.0,212.5,213.3,213.7,213.7,213.4,213.6,213.3,214.6,213.8,214.2,214.4,214.5,215.5,215.5,215.4,214.9,215.0,215.2,215.3,215.2,215.3,215.5,216.2,216.5,216.2,216.3,216.3,216.0,216.5,216.0,216.2,215.7,215.6,215.5,215.0,215.5,215.2,215.5,215.8,216.8,217.4,217.7,218.4,218.1,218.9,219.6,219.1,219.1,219.7,219.7,219.6,220.3,220.8,221.3,221.3,221.8,222.4,223.1,222.8,223.2,223.3,224.3,225.0,225.3,225.1,225.3,225.8,226.5,227.1,227.4,228.1,228.4,228.6,229.1,229.7,229.3,230.3,230.2,231.1,231.7,231.7,231.7,231.7,231.7,231.3,231.2,230.6,231.2,231.6,232.2,232.2,232.1,232.0,231.9,231.2,231.4,232.0,231.3,231.8,232.0,231.4,231.1,231.3,230.8,232.0,231.2,232.7,231.8,231.8,232.0,231.9,231.2,231.2,230.7,230.5,230.5,230.3,230.2,231.0,230.8,230.5,212.8,220.4,225.9,227.9,231.6,231.5,232.6,234.4,235.1,233.4,233.0,235.0,232.7,234.5,234.2,236.2,235.8,236.3,240.0,240.6,240.8,241.2,243.0,242.4,242.8,242.7,243.1,243.8,244.1,245.0,245.2,245.5,245.8,246.3,246.7,245.6,246.4,246.0,244.8,244.8,242.6,245.4,,,
Missouri,557.2,557.3,558.2,558.2,557.2,555.4,555.5,555.3,557.5,556.3,556.8,557.1,550.2,547.9,546.5,545.6,544.7,544.6,543.3,542.5,541.3,540.1,539.5,537.2,541.5,540.0,540.0,536.5,537.8,537.9,538.7,537.7,541.2,536.1,536.1,535.9,534.3,534.0,532.7,531.9,530.3,529.0,530.2,530.6,529.6,533.6,530.9,530.1,529.8,528.8,529.7,529.8,530.9,531.5,530.8,530.7,531.6,533.4,533.3,534.6,535.0,535.2,536.0,539.8,539.6,539.0,541.1,541.4,540.2,539.3,539.9,540.5,542.9,543.5,543.9,543.5,542.8,543.2,542.0,543.5,544.0,543.9,543.7,545.8,546.7,547.6,551.1,548.7,548.3,547.1,546.2,545.2,546.1,545.7,547.6,547.1,547.1,546.3,545.5,544.9,543.9,543.2,542.3,540.9,539.7,536.9,533.2,530.7,527.4,526.0,522.1,519.5,518.1,517.1,516.1,516.1,515.7,514.0,512.6,511.3,511.2,511.5,512.1,512.3,512.2,512.5,512.7,513.1,511.2,511.3,510.5,510.9,512.1,512.7,513.6,517.0,514.7,513.6,513.3,512.9,512.8,511.5,511.9,512.0,512.6,511.7,512.0,510.8,511.0,510.5,510.7,510.4,511.7,512.3,513.6,512.9,511.9,511.8,511.0,512.9,513.1,513.8,514.9,515.7,516.5,517.6,518.5,519.9,518.0,518.5,519.3,520.1,520.7,522.3,521.8,522.5,523.3,524.0,525.2,526.5,526.4,526.6,526.9,535.2,537.0,538.4,539.5,539.1,539.6,541.1,540.6,541.3,540.4,542.3,542.8,543.6,543.2,541.9,544.3,544.1,543.6,543.7,543.1,543.4,544.2,545.2,545.3,544.7,543.1,543.6,542.6,542.4,543.0,542.6,542.7,542.9,542.4,542.9,542.9,544.3,544.9,545.2,546.2,547.1,547.1,545.8,546.6,544.9,544.7,543.9,543.5,543.2,542.9,542.3,543.1,543.8,543.8,544.4,546.0,545.8,539.4,539.5,538.2,486.4,502.5,522.0,526.3,528.2,532.4,535.5,536.2,537.0,538.9,537.2,542.8,540.9,541.6,542.0,545.9,546.4,545.6,552.4,553.2,554.6,552.5,559.3,558.4,558.6,557.5,556.8,558.3,557.9,559.6,558.4,558.1,558.3,557.2,558.9,558.8,558.8,559.2,565.1,567.8,559.8,560.7,,,
Montana,86.2,86.1,86.3,86.2,86.3,86.7,86.5,86.8,86.2,85.6,85.5,85.8,85.5,85.3,85.3,85.3,85.3,84.9,84.8,84.8,84.3,84.3,84.0,83.8,83.9,84.2,84.0,84.5,84.6,84.5,84.8,84.6,84.5,84.4,84.1,84.2,83.9,83.7,83.5,83.3,83.6,83.6,83.5,83.9,84.4,84.8,84.8,84.7,85.1,85.3,85.4,85.6,85.8,85.7,85.7,85.3,85.2,85.8,86.0,86.0,86.0,86.1,86.5,86.4,86.4,86.7,87.2,87.1,87.1,87.3,87.1,87.5,87.6,88.0,88.1,88.5,88.5,88.7,88.4,88.7,88.6,88.9,89.2,89.6,90.3,90.9,91.1,90.9,91.2,90.8,91.9,91.5,91.8,92.0,92.5,92.6,92.5,92.2,92.4,92.0,91.4,90.9,90.9,90.9,90.9,90.4,89.8,89.4,88.6,88.0,86.8,87.1,87.1,87.0,86.9,86.7,86.7,86.2,86.0,85.9,85.9,85.8,85.8,85.8,85.9,85.7,85.5,85.4,85.4,85.4,85.2,85.3,85.4,85.7,85.6,85.8,85.9,86.1,86.4,86.5,86.5,86.7,87.1,87.1,87.3,87.4,87.7,88.0,88.2,88.8,88.8,88.9,89.4,89.7,89.8,90.1,89.8,90.2,90.3,90.9,91.2,91.0,91.3,91.5,91.4,92.0,91.9,92.5,92.3,92.2,91.9,92.2,92.2,92.5,92.6,92.7,93.0,92.8,93.2,93.5,93.6,93.8,94.1,94.1,94.0,94.2,94.2,94.3,94.6,95.1,95.4,95.4,95.1,95.1,95.2,94.9,95.0,94.8,94.7,94.8,94.8,94.4,94.1,94.1,94.1,94.0,94.0,94.3,94.2,94.5,94.5,94.6,94.7,94.2,94.5,94.1,94.5,94.5,94.5,94.0,94.6,95.1,94.8,94.8,94.9,94.1,94.3,94.3,94.1,93.9,94.1,94.0,94.0,93.9,94.0,94.0,94.2,94.4,94.3,94.1,94.2,94.1,93.8,85.5,89.3,91.3,92.1,92.6,93.3,94.1,94.6,94.9,95.3,95.7,95.8,96.0,96.3,96.3,96.4,96.6,96.9,97.2,98.0,98.2,98.4,99.2,99.3,99.4,99.4,99.1,99.9,100.3,100.6,100.4,100.2,100.3,100.1,100.2,100.5,100.7,99.8,100.0,99.6,99.5,100.5,,,
Nebraska,197.8,197.9,198.1,197.9,197.0,198.4,197.4,197.6,197.4,197.6,197.2,197.2,199.1,198.9,198.7,198.7,198.9,198.7,198.1,197.7,197.4,196.8,196.9,196.4,197.0,196.5,196.1,195.8,195.5,195.2,195.0,194.5,195.1,193.4,193.7,194.0,195.5,195.3,195.4,195.2,194.3,194.1,193.6,193.7,194.0,194.0,193.8,193.9,195.5,194.1,194.4,195.6,196.1,196.6,196.7,197.6,198.0,198.2,197.5,197.7,199.7,200.1,200.7,199.9,200.3,200.3,200.3,200.0,199.8,199.5,199.3,199.1,199.4,199.8,199.6,199.5,199.6,200.1,200.2,200.5,201.2,201.2,201.6,202.1,203.4,203.6,203.7,204.1,204.3,204.8,205.2,205.1,205.3,204.8,205.1,205.1,206.1,205.9,206.3,205.0,204.5,204.7,204.3,204.3,203.8,204.9,204.4,203.9,202.9,201.6,200.7,198.8,198.2,197.4,196.8,196.6,196.2,196.1,195.6,194.4,194.9,195.1,195.1,195.8,195.8,195.6,195.9,195.6,195.4,196.4,195.9,196.2,196.0,196.3,196.6,197.4,196.9,197.3,197.9,198.3,199.0,198.5,198.8,198.4,199.2,199.1,199.2,199.7,199.6,199.6,199.5,198.6,199.5,200.1,200.2,200.2,200.0,200.1,200.0,199.9,200.4,200.7,201.1,201.2,201.6,201.8,202.3,203.0,203.0,203.0,203.0,203.4,203.6,203.8,203.6,204.0,204.1,204.4,205.1,206.1,205.3,205.7,205.6,206.0,206.4,207.2,206.6,207.0,206.7,206.9,206.6,206.6,204.7,204.8,204.9,204.8,204.3,204.0,204.4,203.8,203.8,203.5,202.4,201.9,202.4,202.8,202.7,202.9,202.8,202.3,201.9,202.1,202.3,202.1,202.4,202.2,202.0,202.2,202.3,201.3,201.9,202.2,201.8,201.1,200.6,200.1,200.7,200.2,200.5,199.3,198.8,199.2,198.5,197.9,198.2,198.2,197.6,197.1,196.5,196.1,196.5,196.1,195.3,182.8,185.6,189.3,191.0,191.2,192.2,193.3,193.0,193.5,193.8,192.4,193.3,193.1,193.8,194.1,194.4,195.0,194.5,195.5,196.2,196.6,196.3,197.2,196.9,196.7,196.1,196.0,196.1,196.1,196.3,198.0,198.2,197.7,197.6,197.9,197.3,198.3,198.0,198.4,198.5,198.9,199.8,,,
Nevada,180.7,182.0,181.8,183.1,183.0,184.1,184.3,186.4,188.1,187.9,189.3,190.2,189.6,189.9,189.8,190.3,191.0,191.7,191.7,191.5,191.4,190.0,189.1,187.9,188.8,188.8,189.0,191.0,191.3,191.0,191.8,191.1,191.6,192.8,192.2,192.4,191.9,192.9,193.9,192.6,193.0,193.4,194.2,195.8,197.3,199.0,200.1,201.0,199.8,200.5,201.6,202.4,203.3,204.7,205.3,205.6,205.9,207.5,208.3,209.5,208.8,210.4,211.3,212.6,213.2,214.0,215.8,216.1,217.9,217.7,218.7,219.7,221.6,223.1,225.0,225.0,225.6,226.1,225.7,226.3,226.7,227.0,227.7,228.7,229.6,230.6,231.2,231.8,232.6,232.8,232.1,232.5,232.3,232.4,233.9,235.2,234.6,234.6,234.3,233.6,232.6,232.1,232.6,231.9,230.5,227.9,225.5,222.6,220.4,218.2,216.0,213.8,213.2,212.6,211.6,210.8,211.0,210.1,210.1,209.4,209.9,209.6,209.1,209.3,209.5,209.7,209.9,210.2,209.7,210.2,209.7,210.3,209.7,210.7,210.8,211.6,211.8,212.0,212.5,213.0,213.2,213.8,214.6,214.8,215.7,216.0,216.7,217.2,217.3,218.1,217.7,217.6,218.3,218.3,219.8,218.6,218.9,219.3,218.4,218.9,220.5,221.4,222.4,222.4,223.0,223.7,224.6,225.1,225.9,226.6,227.7,228.5,228.8,229.2,229.8,230.4,231.2,232.3,233.1,234.2,235.7,235.8,236.5,236.9,237.8,237.8,237.9,238.5,239.1,239.4,239.5,239.9,238.2,239.4,239.9,240.8,241.3,241.4,242.2,243.1,243.5,243.6,244.6,244.9,245.3,245.9,246.5,246.9,247.1,247.8,248.3,248.8,249.9,250.5,252.0,253.0,252.4,253.3,253.7,254.2,254.7,255.3,256.2,256.6,256.9,257.1,256.9,256.1,259.0,259.2,259.4,260.1,261.4,262.4,262.6,263.2,263.4,264.2,265.4,265.4,265.6,265.8,265.6,225.0,229.3,245.3,252.5,258.4,263.0,266.1,265.5,267.6,268.8,270.3,271.7,270.9,273.0,274.7,276.8,278.1,279.8,283.8,284.1,286.2,287.8,294.2,292.3,293.0,292.1,292.5,293.2,294.1,295.0,293.8,291.8,292.2,292.6,294.6,295.1,295.1,294.6,294.0,295.2,295.7,295.2,,,
New Hampshire,135.9,136.4,136.5,137.2,137.3,137.2,136.6,136.8,136.9,136.6,137.4,138.0,137.6,137.7,137.0,137.1,137.5,137.1,137.0,136.8,136.9,136.9,136.9,136.5,137.5,137.3,137.5,138.1,138.0,138.2,138.1,138.3,139.2,137.9,137.3,138.2,137.2,137.2,137.4,137.4,137.5,138.0,138.3,139.0,139.1,139.4,139.5,138.6,138.4,139.1,139.6,139.7,139.9,139.6,139.7,139.2,139.7,139.9,139.7,139.5,140.0,140.5,139.8,140.1,140.1,140.2,140.4,140.8,140.6,141.1,140.9,140.8,140.7,141.2,141.5,142.5,141.6,141.4,141.2,141.5,141.3,141.1,141.3,141.8,141.9,141.6,141.8,141.2,141.3,141.2,141.5,140.7,139.9,140.3,140.9,141.0,141.2,141.1,140.7,140.0,140.1,140.0,140.0,139.5,139.0,139.1,138.2,137.4,136.8,135.8,134.6,133.8,134.4,133.7,132.9,132.4,132.8,132.7,132.5,132.2,132.3,132.0,132.2,132.2,132.6,132.6,133.0,132.7,132.3,133.3,133.2,133.5,133.3,133.1,133.3,133.7,133.3,133.4,133.4,133.6,134.1,134.5,134.3,134.5,134.9,134.7,135.2,134.7,134.7,136.1,136.1,136.2,135.8,135.7,136.4,135.5,135.4,135.5,135.7,136.3,136.4,136.5,136.6,136.4,136.2,136.0,136.2,136.4,136.4,136.5,136.5,136.2,136.3,136.5,136.6,130.3,137.5,137.6,137.7,137.6,137.4,137.1,137.1,137.1,137.6,137.7,137.6,137.7,137.5,138.0,138.1,138.2,138.6,139.2,139.3,139.5,139.8,139.4,139.9,139.8,140.2,140.1,139.9,140.2,140.2,139.9,139.6,139.9,139.5,139.9,140.2,140.1,140.1,139.8,139.6,139.5,139.4,139.6,139.3,139.1,139.6,139.6,139.0,139.0,139.2,139.4,140.1,139.6,140.0,139.2,139.2,139.4,139.3,139.2,139.2,139.4,139.3,139.5,139.3,139.5,139.6,139.3,139.5,118.6,123.6,128.8,131.4,133.0,134.4,135.4,136.1,136.7,137.0,137.1,136.9,137.1,137.6,137.8,138.1,137.9,137.0,138.0,137.6,136.8,137.2,138.1,139.2,139.1,138.8,138.3,138.8,139.1,139.6,139.5,139.3,139.1,139.8,140.1,139.9,139.4,140.6,140.1,140.2,139.9,141.1,,,
New Jersey,887.0,888.2,891.1,894.5,893.8,892.5,898.5,899.5,900.2,900.3,901.5,906.7,896.9,893.8,891.6,894.0,892.6,891.9,887.5,885.7,881.7,880.6,879.0,877.7,882.4,883.2,884.6,881.3,879.8,880.4,877.5,877.3,877.5,878.0,876.9,878.8,875.9,874.7,873.1,873.9,873.8,871.4,870.9,870.6,870.4,871.0,870.4,869.1,867.1,871.0,872.3,867.8,871.0,872.2,870.3,872.1,871.8,873.5,872.8,872.0,872.0,873.9,873.5,875.3,875.7,876.7,877.4,875.8,875.3,871.7,871.5,872.3,873.1,871.4,872.7,871.0,870.4,870.0,869.9,870.1,869.6,871.2,872.2,873.8,872.8,869.2,870.2,869.6,871.4,873.0,871.2,869.1,866.6,868.0,869.2,870.9,870.0,869.2,868.4,864.8,863.3,860.7,858.8,856.6,853.0,848.7,842.5,836.1,831.3,828.5,822.5,816.2,816.2,814.2,810.6,809.0,809.9,806.4,807.2,805.4,804.2,801.6,801.7,807.6,805.6,805.6,805.9,807.7,806.4,808.7,806.8,808.5,808.9,810.6,810.8,813.3,809.8,810.0,812.1,813.2,813.9,813.3,815.1,815.9,820.0,820.1,821.7,816.8,820.0,821.0,818.2,817.2,818.8,819.0,816.9,819.0,819.0,819.6,820.4,821.6,821.4,822.8,824.0,824.6,824.8,825.9,826.6,826.7,826.3,824.6,827.3,830.0,832.0,832.1,833.5,834.8,835.0,834.7,838.0,840.5,839.6,838.9,841.7,843.6,846.7,849.9,849.9,851.9,851.9,852.3,852.8,850.0,850.9,852.7,855.9,857.5,857.7,856.7,860.8,862.2,865.1,866.7,867.7,868.5,869.2,869.4,868.9,871.4,871.8,875.6,876.4,878.4,881.6,877.8,880.1,880.7,879.3,880.3,878.9,879.1,880.0,878.4,878.0,876.4,876.1,877.6,883.5,881.4,881.7,880.8,881.5,879.6,878.8,879.5,880.7,882.6,883.2,883.7,889.5,886.0,886.7,886.9,886.7,733.6,747.9,777.8,819.5,829.9,837.4,846.6,842.2,844.3,852.5,852.5,854.9,856.9,856.6,860.3,865.2,868.0,869.7,883.6,885.9,892.5,896.1,912.6,913.7,915.2,912.2,912.2,915.2,917.4,917.8,915.6,919.7,921.7,921.5,919.8,919.7,922.3,921.6,921.1,921.9,920.5,920.5,,,
New Mexico,135.9,135.9,136.1,137.1,137.5,137.8,137.3,137.8,137.7,138.0,138.3,137.9,137.5,136.7,136.3,135.8,135.7,135.5,135.9,135.5,134.6,134.3,134.3,134.3,135.0,134.9,134.7,135.2,135.6,136.1,135.8,135.6,135.7,135.6,135.4,135.8,135.1,135.3,135.6,135.6,135.4,135.3,135.4,135.5,135.8,136.3,136.5,136.6,136.9,137.3,137.6,137.6,137.6,137.8,137.6,137.4,137.2,138.2,138.3,138.2,138.5,138.8,138.6,139.1,139.5,139.4,140.1,140.5,140.3,140.2,140.6,140.6,140.5,140.6,140.9,141.6,141.5,141.8,142.0,142.3,142.2,141.6,142.1,142.5,143.2,143.8,144.4,144.1,144.5,144.5,144.6,144.7,144.7,145.8,146.5,146.7,146.8,147.2,147.0,146.6,145.6,144.8,144.4,144.1,143.5,142.5,141.4,140.6,139.6,138.5,137.5,135.9,135.7,135.6,134.9,134.6,135.1,134.1,133.4,133.0,133.0,132.8,133.1,133.0,133.1,133.2,133.2,133.3,132.8,132.9,132.8,133.0,132.9,132.8,132.8,133.7,133.8,133.7,133.2,133.3,134.0,134.1,134.4,134.4,134.9,135.1,135.6,135.3,135.1,135.5,135.1,134.9,135.6,136.6,136.6,136.4,136.2,136.4,135.9,136.3,136.5,136.8,137.1,137.3,136.7,137.3,137.4,137.6,137.5,137.8,137.7,138.2,138.2,138.1,138.5,138.4,138.7,138.8,138.7,139.1,139.3,139.8,139.8,139.8,140.0,139.7,139.7,139.5,139.5,139.5,139.4,139.2,139.3,138.8,138.8,139.0,138.7,138.1,139.0,138.8,138.7,138.4,138.3,138.0,137.6,137.1,136.9,136.8,136.3,136.8,136.4,136.4,136.1,136.3,136.6,136.8,137.1,137.5,137.7,137.6,137.7,137.8,137.5,137.7,137.4,136.8,136.9,136.5,136.9,136.4,136.8,136.6,136.7,136.4,136.5,136.6,136.6,137.2,137.2,137.5,137.7,137.2,136.9,122.9,123.7,130.3,130.8,131.8,132.3,132.9,133.2,132.5,133.7,134.0,134.6,134.5,134.9,135.6,135.9,136.1,137.4,139.9,140.3,141.6,141.1,144.5,143.7,143.7,143.4,142.4,142.5,142.9,143.3,143.4,142.6,142.2,142.7,141.9,142.2,141.6,141.7,141.5,141.6,142.2,141.7,,,
New York,1526.2,1529.3,1532.4,1533.2,1531.4,1535.6,1539.1,1542.0,1546.0,1542.1,1543.4,1547.9,1536.4,1535.5,1531.7,1521.2,1521.3,1519.6,1510.9,1505.0,1493.9,1481.6,1477.2,1473.4,1472.0,1472.3,1474.4,1476.2,1475.8,1476.1,1474.3,1474.0,1475.5,1473.5,1470.3,1471.8,1472.2,1471.7,1470.9,1469.6,1469.9,1468.3,1467.7,1469.5,1468.7,1471.3,1473.0,1469.2,1466.5,1471.0,1474.2,1469.8,1479.1,1481.7,1487.4,1487.5,1489.0,1495.2,1494.4,1494.4,1490.6,1492.7,1492.7,1496.4,1496.5,1496.1,1499.1,1501.5,1500.3,1496.0,1497.2,1502.4,1503.3,1501.6,1502.8,1504.6,1503.4,1505.6,1504.0,1504.5,1502.9,1509.4,1512.8,1515.3,1522.2,1519.8,1520.9,1516.4,1522.1,1523.4,1523.0,1519.1,1516.2,1521.7,1526.3,1527.6,1534.5,1531.9,1531.7,1530.2,1526.6,1522.5,1520.5,1520.1,1515.6,1509.2,1500.4,1492.4,1480.3,1475.2,1466.7,1450.7,1455.5,1451.6,1448.7,1448.1,1446.9,1444.4,1444.9,1442.3,1447.3,1447.2,1451.9,1459.7,1460.5,1462.0,1463.7,1464.8,1464.8,1470.5,1469.0,1467.6,1475.9,1477.1,1477.7,1480.0,1480.3,1482.3,1483.7,1487.8,1490.5,1491.0,1493.4,1496.4,1505.2,1505.7,1506.7,1501.9,1508.3,1508.6,1500.4,1508.1,1509.1,1513.2,1510.1,1513.6,1512.5,1510.2,1516.9,1520.6,1523.0,1526.1,1530.9,1531.0,1534.4,1537.6,1540.5,1542.8,1542.2,1543.2,1546.0,1549.7,1551.9,1552.9,1555.2,1559.0,1559.0,1561.8,1565.2,1567.0,1566.1,1565.8,1565.5,1561.6,1569.5,1571.9,1570.7,1572.0,1570.6,1569.1,1570.8,1567.8,1567.2,1569.6,1571.1,1570.6,1567.3,1566.4,1567.9,1567.6,1570.1,1570.8,1568.6,1569.6,1571.1,1570.4,1568.8,1565.8,1569.5,1568.7,1568.6,1569.2,1571.3,1569.6,1569.0,1569.8,1567.6,1570.5,1567.5,1567.8,1568.3,1566.6,1564.4,1564.0,1561.8,1562.6,1563.7,1562.0,1562.2,1560.1,1560.3,1561.0,1556.9,1555.1,1552.5,1549.6,1548.7,1550.8,1552.8,1554.2,1550.0,1545.0,1535.6,1163.7,1196.5,1258.0,1323.0,1349.5,1365.7,1387.4,1393.8,1395.9,1399.0,1398.1,1404.1,1405.3,1409.1,1410.5,1415.3,1420.9,1422.0,1451.6,1463.8,1466.9,1472.2,1483.9,1485.4,1478.4,1482.4,1480.2,1483.7,1485.7,1486.9,1485.9,1477.5,1479.1,1475.0,1474.6,1474.7,1463.9,1468.4,1467.1,1465.5,1464.0,1459.0,,,
North Carolina,746.4,748.3,749.7,752.4,753.5,754.3,751.4,751.5,750.8,750.9,749.5,749.2,757.5,755.1,753.0,747.6,745.8,743.6,740.1,736.5,735.0,731.3,727.3,724.3,725.8,723.4,724.1,724.8,723.5,723.2,725.1,725.1,723.3,721.3,723.5,723.5,720.8,721.1,718.1,716.7,715.7,716.2,714.1,715.1,715.4,716.8,717.9,717.9,719.4,719.8,720.1,721.8,724.3,724.8,726.4,727.6,729.0,727.7,728.3,730.5,731.6,735.7,734.5,736.5,736.2,736.4,740.0,739.5,740.6,744.5,745.7,747.3,747.7,747.1,746.9,755.2,754.7,754.2,759.9,761.0,762.4,763.8,767.3,768.3,774.1,774.5,777.0,776.3,777.2,777.9,776.7,776.0,776.1,775.7,777.4,778.7,779.7,780.8,779.2,775.4,771.3,770.1,767.9,765.4,762.0,758.0,751.7,746.8,738.1,733.0,726.7,719.5,720.3,719.0,715.6,714.2,712.9,711.1,709.3,706.3,708.4,707.9,709.5,710.0,711.5,711.2,711.8,713.0,712.0,713.8,715.1,715.0,717.2,720.6,721.2,722.7,722.8,723.5,726.6,727.4,728.8,729.4,730.5,730.8,736.5,735.3,737.6,738.9,740.3,741.5,742.1,740.6,743.6,743.7,746.0,745.1,746.2,747.2,748.6,749.0,750.3,751.7,754.7,756.1,757.8,760.1,761.6,764.5,765.6,762.2,766.5,768.9,769.8,771.4,771.6,773.7,775.2,777.8,780.6,783.5,782.3,784.3,786.0,788.1,790.8,792.8,794.7,795.6,797.6,799.6,801.0,802.2,802.7,804.3,805.7,809.6,810.4,810.4,812.1,813.4,814.5,813.3,815.5,818.2,817.2,817.7,818.3,819.1,818.5,821.6,823.4,824.8,824.3,825.4,825.4,827.5,827.3,829.9,831.2,831.5,832.3,833.8,834.0,836.0,832.8,834.7,837.3,834.8,844.6,842.2,844.4,845.4,846.4,848.0,849.0,849.3,850.9,851.4,850.4,849.9,858.4,855.9,854.6,783.9,804.8,831.7,837.6,851.8,864.0,876.0,874.1,882.9,884.5,886.1,887.5,888.9,891.7,893.7,893.1,890.4,892.3,903.8,904.5,906.8,906.7,922.7,920.8,920.4,918.6,920.1,923.2,924.8,928.3,926.8,924.8,924.9,923.3,923.2,924.1,928.1,931.4,930.7,933.3,936.6,940.0,,,
North Dakota,72.4,72.0,72.1,72.0,71.9,71.5,71.8,71.8,72.0,72.0,71.8,72.0,71.9,72.0,72.1,71.8,72.2,71.9,71.7,71.6,71.4,71.1,71.2,70.8,71.6,71.4,71.1,70.7,71.2,71.6,71.5,71.3,71.4,71.2,71.3,71.4,71.6,71.4,71.3,71.4,71.3,71.5,71.4,71.9,71.8,72.0,72.1,72.1,72.0,72.2,72.2,72.2,72.6,72.5,72.6,72.8,72.7,73.0,73.4,73.6,73.0,73.5,73.7,74.1,74.0,74.1,74.2,74.1,74.5,74.3,74.2,74.4,74.6,75.0,75.5,75.9,76.0,75.9,75.9,76.2,76.3,76.0,76.0,76.1,76.1,76.1,76.0,75.8,76.0,76.1,76.6,76.3,76.2,76.6,77.0,76.9,77.3,77.4,77.7,77.5,77.3,77.2,77.9,77.8,78.0,77.9,77.9,77.9,77.8,77.6,77.5,76.8,77.7,77.7,77.7,77.6,77.8,78.0,78.4,78.2,78.4,78.6,78.9,79.6,79.9,80.1,80.4,80.8,81.0,81.9,82.0,82.3,82.7,83.3,83.6,84.1,84.7,85.3,86.3,87.2,87.9,88.8,89.7,91.0,92.1,92.9,93.9,94.9,95.6,96.7,97.1,97.6,97.6,98.1,98.1,98.4,98.7,99.4,99.7,99.4,100.5,100.9,101.4,102.2,102.7,102.5,102.9,103.0,103.5,104.1,104.4,104.8,105.2,105.4,105.9,106.1,106.2,106.7,107.0,107.2,106.6,106.5,106.1,105.1,104.7,104.2,103.5,102.6,102.3,101.4,100.8,100.2,99.4,98.4,97.4,97.1,96.5,95.8,96.0,95.9,95.6,95.4,95.2,94.9,94.7,94.8,94.7,94.9,94.9,94.8,94.6,94.5,94.5,94.5,94.3,94.3,94.4,94.4,94.5,94.0,94.7,94.7,94.6,94.2,94.1,94.2,94.3,94.1,94.0,93.8,93.9,94.2,94.3,94.0,93.9,93.9,93.6,93.7,93.6,93.5,93.2,92.9,93.0,84.9,86.0,87.4,87.9,88.6,88.6,88.9,88.9,89.2,89.1,89.0,89.1,88.6,88.7,88.9,89.3,89.4,89.2,89.5,89.7,89.8,90.0,90.2,90.5,90.3,90.7,90.8,91.2,90.9,91.2,90.8,89.8,90.2,91.4,91.9,91.9,91.5,91.8,92.0,92.2,91.8,92.1,,,
Ohio,1104.6,1105.0,1105.1,1103.3,1102.0,1102.1,1099.4,1099.8,1097.7,1105.8,1106.3,1110.6,1105.6,1101.2,1099.3,1097.2,1094.2,1091.7,1081.0,1078.1,1075.7,1071.8,1068.8,1064.4,1061.6,1060.4,1059.9,1058.7,1057.6,1057.1,1057.0,1056.3,1051.5,1047.6,1045.4,1044.1,1043.2,1043.8,1040.7,1045.0,1042.6,1040.0,1037.1,1037.9,1037.9,1041.8,1036.1,1033.9,1030.6,1031.1,1030.9,1030.4,1029.5,1032.0,1033.4,1035.3,1034.0,1040.3,1037.9,1038.7,1038.1,1040.3,1041.3,1043.3,1040.7,1037.7,1039.8,1038.6,1038.6,1038.0,1037.2,1041.4,1043.6,1044.9,1044.5,1044.1,1043.3,1043.2,1041.5,1042.1,1042.7,1042.4,1043.6,1045.5,1048.6,1046.1,1050.0,1049.2,1051.0,1051.1,1050.8,1048.3,1048.8,1049.1,1050.1,1050.2,1049.5,1046.4,1043.0,1042.5,1040.1,1037.0,1034.5,1033.2,1029.8,1022.1,1009.9,1003.3,995.3,989.9,982.6,972.8,968.8,964.3,959.8,956.1,955.0,950.5,946.3,943.3,944.5,944.1,945.3,945.4,944.9,946.0,945.9,945.5,945.7,947.8,946.1,947.2,948.4,950.4,950.3,955.5,952.5,953.0,957.1,958.9,960.5,961.0,962.5,964.1,967.0,968.1,971.5,969.3,970.5,970.5,969.7,969.2,972.7,973.3,975.0,972.3,973.5,973.9,974.4,975.5,977.4,979.5,980.6,981.1,982.5,983.4,985.6,986.5,980.2,982.5,982.9,987.6,988.7,991.1,991.9,994.2,996.0,999.0,1000.5,1003.5,1001.7,1003.7,1004.9,1006.7,1008.3,1009.2,1009.5,1010.5,1011.3,1011.7,1012.0,1013.0,1013.6,1015.6,1016.5,1015.9,1015.7,1014.7,1016.8,1017.8,1018.8,1018.3,1019.4,1022.7,1018.7,1018.5,1018.4,1019.0,1018.6,1019.4,1019.4,1019.9,1019.5,1020.5,1021.7,1019.3,1021.2,1021.4,1022.0,1021.5,1024.1,1024.3,1024.2,1023.4,1023.7,1021.6,1020.9,1019.2,1026.6,1022.0,1021.6,1021.7,1022.7,1024.8,1026.2,1026.9,1028.5,1029.9,1034.0,1035.4,1031.0,1029.3,1027.2,906.3,958.4,993.9,999.4,1005.2,1011.2,1016.0,1014.8,1019.0,1025.7,1022.7,1024.1,1024.0,1026.1,1029.6,1032.2,1035.8,1032.0,1041.2,1043.6,1047.7,1051.3,1057.6,1059.2,1062.0,1058.9,1058.0,1058.7,1059.5,1062.1,1058.7,1055.4,1052.8,1052.3,1053.6,1051.2,1054.2,1060.5,1053.5,1054.2,1055.4,1061.0,,,
Oklahoma,280.4,280.6,280.0,281.8,282.5,284.0,283.6,285.0,285.8,285.8,287.0,286.4,284.0,283.0,282.5,282.2,281.5,281.9,279.5,278.6,277.6,277.1,276.4,275.6,277.1,276.7,277.3,276.3,275.5,275.0,274.0,273.6,273.2,271.3,270.8,270.1,269.7,268.9,268.0,267.9,267.7,267.2,267.1,267.4,267.5,267.9,268.1,268.2,267.9,266.7,267.7,266.6,267.0,267.0,265.8,265.4,264.7,265.7,266.0,266.4,266.5,267.5,268.2,269.3,269.5,269.5,271.6,272.4,273.2,274.1,274.9,274.9,272.8,273.9,274.4,275.2,276.1,276.0,275.7,276.1,276.8,276.0,276.1,277.6,277.8,278.7,282.6,278.7,279.1,279.5,279.5,279.4,279.3,279.8,280.4,279.2,280.7,281.2,282.1,281.1,280.3,280.6,281.7,281.7,281.9,281.2,281.0,280.1,279.5,278.5,277.1,275.4,274.6,273.9,272.1,271.6,271.4,269.4,268.8,267.7,267.7,267.5,268.2,268.4,269.0,269.7,270.2,269.8,268.6,270.0,270.2,270.3,270.3,270.4,272.6,274.1,273.6,273.4,274.5,275.7,276.2,276.4,276.6,276.3,278.3,278.7,279.9,280.8,281.4,281.7,281.8,281.2,282.2,284.5,284.9,285.0,282.3,283.9,284.4,285.5,286.3,287.0,288.3,289.0,289.9,289.9,290.5,290.6,292.4,292.6,293.1,292.8,293.1,294.4,294.7,294.9,295.7,295.7,296.2,297.9,297.9,298.5,298.5,298.9,299.3,300.3,300.4,299.8,299.9,300.2,300.4,300.8,298.4,299.3,299.4,299.8,299.4,298.4,298.4,298.7,297.8,297.4,298.3,296.6,295.7,295.7,295.3,295.5,295.1,295.4,296.1,296.0,296.1,296.0,296.4,295.8,296.8,297.0,297.8,297.9,298.7,299.7,300.0,300.4,299.6,299.2,299.1,298.5,298.2,298.3,299.1,299.9,300.6,300.4,302.2,302.2,303.1,304.0,304.9,305.8,306.6,306.1,306.5,282.9,293.4,301.7,302.5,305.2,306.8,311.2,313.2,312.6,312.8,310.5,312.7,310.4,313.0,313.9,314.3,314.6,315.2,315.9,316.5,317.3,318.3,322.5,322.1,322.5,321.9,321.7,322.8,323.3,323.6,323.0,323.9,325.3,325.8,325.8,323.3,321.8,323.0,322.3,322.1,322.8,322.1,,,
Oregon,321.1,321.9,321.8,322.5,322.3,322.5,322.2,323.0,322.8,324.6,326.5,324.6,322.5,321.1,320.6,319.2,318.3,317.4,316.9,316.1,315.0,313.4,312.0,311.2,311.4,311.5,311.3,312.0,311.8,311.8,312.1,311.5,311.7,311.3,309.8,311.0,311.1,311.3,310.4,309.8,309.8,309.6,309.8,309.7,310.2,311.6,311.5,311.0,311.9,311.8,312.8,314.2,315.1,315.8,316.7,317.2,317.6,318.5,319.0,318.7,319.7,320.2,321.9,321.8,321.7,322.8,323.9,325.1,326.5,326.6,328.3,328.8,328.5,329.5,329.6,329.9,331.1,331.0,330.7,330.9,331.4,331.7,332.5,333.4,334.1,334.3,334.6,334.4,334.3,334.8,335.0,335.4,336.0,336.4,337.6,336.9,336.4,336.3,335.7,335.0,333.2,332.5,331.8,330.7,329.4,326.9,322.7,318.7,315.9,313.4,310.3,307.7,307.6,306.5,305.0,304.2,304.2,302.5,301.3,300.8,300.9,301.0,301.2,302.1,302.0,302.7,303.1,303.5,303.6,304.8,304.7,304.5,305.5,305.1,305.7,306.0,306.0,306.0,307.0,306.7,307.0,307.2,308.0,307.1,309.1,308.8,309.4,309.7,310.4,311.3,310.5,310.7,310.8,312.1,313.0,313.5,315.0,316.2,316.5,317.6,318.3,318.7,319.3,320.3,320.8,321.1,321.8,322.1,323.2,322.5,323.8,324.4,325.1,325.9,326.4,327.2,327.9,329.0,330.4,332.1,331.8,332.7,333.6,334.4,335.5,336.9,337.3,337.7,338.2,338.6,337.9,339.0,338.7,339.7,340.5,340.6,340.9,341.4,342.4,343.5,343.5,343.6,345.4,345.6,346.6,347.9,348.2,348.6,348.5,349.1,349.3,349.3,349.9,349.7,350.1,350.3,351.1,350.4,351.0,351.1,352.2,352.4,351.9,353.2,354.2,355.0,355.9,355.1,356.9,354.6,354.7,355.3,355.6,355.8,357.3,357.9,359.1,358.9,359.6,360.9,360.8,360.1,359.4,323.5,328.7,341.7,347.4,350.7,352.6,354.9,357.1,357.8,359.9,360.4,362.2,360.3,360.9,360.6,360.8,360.2,361.5,363.0,363.5,365.0,365.5,366.7,367.3,368.2,367.0,366.6,367.9,368.6,369.3,367.4,368.7,368.2,369.8,368.6,367.0,366.3,366.8,364.6,364.7,362.8,363.4,,,
Pennsylvania,1112.5,1114.9,1116.3,1124.5,1123.3,1125.0,1125.7,1127.6,1128.7,1128.6,1129.8,1131.1,1129.4,1127.1,1125.3,1120.4,1118.4,1118.3,1114.1,1112.4,1112.4,1110.8,1109.7,1108.5,1111.4,1110.0,1110.3,1106.7,1108.1,1106.6,1107.8,1106.9,1105.3,1103.9,1101.0,1101.4,1100.1,1099.5,1099.5,1101.6,1101.2,1101.8,1100.8,1100.9,1102.1,1104.4,1104.5,1103.7,1101.1,1105.6,1107.0,1105.7,1107.0,1106.7,1108.6,1108.9,1108.2,1110.7,1110.1,1110.1,1107.2,1110.7,1110.0,1112.9,1114.0,1114.2,1118.1,1117.5,1116.7,1114.7,1116.1,1116.1,1118.1,1118.4,1119.3,1119.4,1117.2,1116.5,1118.0,1119.0,1120.4,1121.9,1122.2,1125.8,1128.2,1124.5,1127.1,1126.3,1127.2,1128.8,1129.8,1125.4,1123.8,1122.8,1126.5,1126.4,1129.5,1126.7,1125.5,1124.7,1122.6,1120.1,1120.0,1115.9,1114.5,1110.0,1102.5,1098.8,1089.7,1088.1,1079.7,1073.5,1074.3,1071.5,1067.8,1067.3,1067.3,1065.7,1066.6,1063.2,1065.3,1060.4,1067.3,1068.7,1070.7,1073.8,1072.5,1074.4,1073.8,1076.4,1075.9,1076.9,1079.5,1081.2,1081.4,1084.5,1082.9,1083.0,1083.8,1083.8,1084.9,1084.4,1085.9,1085.3,1087.9,1089.7,1093.4,1091.4,1091.2,1091.2,1092.0,1091.1,1091.8,1092.2,1095.1,1093.1,1091.9,1093.8,1094.2,1091.9,1090.7,1091.6,1091.6,1093.4,1092.8,1093.0,1092.2,1093.8,1093.7,1092.1,1096.9,1099.6,1101.2,1105.0,1102.9,1105.0,1107.1,1107.4,1110.0,1112.1,1109.7,1107.1,1109.0,1110.6,1114.4,1118.0,1115.5,1117.4,1116.4,1114.2,1115.8,1117.0,1114.6,1115.1,1118.1,1117.6,1119.0,1117.9,1120.5,1120.0,1121.1,1120.8,1119.6,1120.6,1119.7,1118.6,1114.2,1117.5,1115.6,1116.1,1116.9,1119.1,1122.6,1119.4,1119.5,1119.3,1119.4,1122.0,1122.1,1124.0,1125.7,1127.7,1126.5,1125.2,1127.0,1123.9,1124.0,1121.9,1124.9,1120.2,1119.3,1121.6,1122.0,1121.8,1123.5,1124.9,1125.3,1125.9,1125.7,1127.6,1121.2,1121.1,1118.4,921.1,973.6,1028.3,1050.9,1059.5,1071.0,1079.1,1078.6,1082.9,1091.3,1090.8,1094.4,1087.8,1092.0,1096.7,1100.6,1104.2,1107.7,1113.8,1119.2,1124.6,1129.0,1140.4,1141.0,1143.8,1143.3,1142.6,1147.3,1148.3,1148.5,1150.8,1152.9,1155.7,1160.1,1159.0,1158.0,1155.2,1159.5,1157.8,1160.7,1161.6,1163.8,,,
Rhode Island,78.4,78.8,78.8,80.2,79.5,79.1,78.9,79.5,79.7,80.0,80.4,80.9,79.7,79.8,79.4,79.6,78.8,79.2,79.2,79.2,78.6,78.6,78.9,79.1,79.8,79.5,79.7,80.2,80.3,80.5,80.5,80.5,80.7,80.8,80.7,81.0,80.6,80.3,80.5,80.4,80.6,80.8,80.7,80.7,80.9,80.8,80.8,80.8,80.8,80.7,80.7,79.6,80.4,80.2,80.1,79.9,80.0,80.1,79.7,79.7,79.8,80.1,80.1,80.6,80.0,80.0,80.1,80.3,79.9,79.7,79.7,79.7,79.5,79.6,79.7,80.2,79.7,79.5,79.2,79.1,79.6,79.6,79.9,80.0,80.1,79.9,79.9,79.9,80.1,80.0,79.9,79.5,79.1,79.0,79.1,79.1,78.8,78.5,78.2,77.9,77.7,77.6,77.5,77.3,76.7,76.5,75.7,75.2,74.6,74.3,74.0,72.8,73.4,73.2,72.9,72.7,72.8,72.6,72.6,72.4,72.9,73.1,73.4,72.5,71.9,72.3,72.5,72.4,72.7,72.7,72.7,72.6,73.1,73.3,73.5,73.8,73.9,73.8,73.8,73.8,74.2,74.1,74.3,74.8,74.9,74.8,74.9,74.6,74.7,74.9,74.5,74.3,74.4,74.4,74.4,74.1,73.6,73.9,73.7,73.6,73.8,74.0,74.3,74.2,74.2,74.3,74.3,74.3,74.5,74.8,74.7,74.8,74.8,74.9,75.0,75.3,75.3,75.6,75.5,76.0,76.1,75.7,75.8,76.1,76.2,76.5,76.5,76.5,76.7,76.6,76.6,76.7,76.4,76.6,76.6,76.3,76.3,76.2,76.3,76.4,76.3,76.4,76.4,76.2,76.4,76.5,76.3,76.9,76.9,76.7,76.7,76.7,76.9,77.2,77.1,77.1,77.0,77.4,77.2,77.0,77.4,77.4,77.2,77.2,77.4,77.4,77.5,77.5,77.4,77.3,76.9,76.9,76.7,77.0,76.6,76.8,77.1,77.0,76.9,77.2,77.2,77.0,77.0,60.2,62.2,67.2,69.7,71.6,72.0,73.5,73.7,74.1,74.4,74.5,74.6,74.6,75.0,75.2,74.9,75.0,75.3,75.5,75.8,76.1,76.1,76.7,76.7,77.2,76.5,77.0,77.1,77.1,77.4,77.6,77.2,77.4,78.0,78.3,76.7,76.2,76.2,75.7,75.7,75.9,75.4,,,
South Carolina,365.7,366.7,367.9,366.6,366.8,367.5,361.9,363.0,363.7,364.5,365.0,363.5,359.1,358.0,356.7,355.8,355.0,354.1,353.7,353.0,351.7,350.1,349.1,347.3,346.3,347.1,347.1,349.4,348.6,348.4,346.5,345.9,345.9,346.6,346.9,347.0,347.3,347.7,347.2,347.0,347.1,348.1,347.2,347.8,347.7,348.4,348.4,348.5,350.5,351.0,352.3,352.7,353.7,353.5,355.9,356.6,357.6,357.8,358.6,359.0,360.2,360.4,358.8,361.3,363.3,360.1,363.8,364.8,362.7,364.3,364.9,364.4,366.3,371.3,370.9,371.4,368.9,366.5,367.1,368.7,370.6,373.4,374.8,375.5,375.3,376.3,377.4,377.7,378.0,378.8,378.9,378.0,378.4,378.7,378.8,379.5,381.5,381.2,379.8,378.6,376.4,374.3,373.3,372.2,370.3,368.0,364.9,362.5,357.3,354.2,351.4,350.9,350.6,349.5,348.0,347.3,346.1,344.8,343.8,342.4,343.3,343.8,344.6,344.9,345.6,345.1,346.3,346.7,346.9,347.1,347.9,348.3,346.9,348.4,348.4,349.9,349.5,350.0,350.5,350.3,350.5,350.1,350.6,350.6,353.2,352.7,353.2,353.4,353.3,353.8,354.1,354.2,355.7,356.0,357.8,356.9,357.2,357.6,358.7,359.1,360.1,361.2,363.2,364.6,365.2,366.3,366.2,367.9,368.6,368.1,370.2,371.3,372.6,373.5,372.7,373.9,375.3,376.4,378.3,379.2,378.4,379.4,380.4,382.1,383.9,385.5,386.9,388.1,388.2,389.0,389.0,389.0,390.0,391.7,391.4,392.4,393.4,392.9,394.8,395.1,396.3,394.2,395.8,396.8,396.4,396.7,397.1,395.9,395.5,396.0,396.4,396.4,395.5,398.3,398.4,399.7,402.1,403.8,404.3,404.6,404.3,405.2,404.2,405.0,404.1,404.8,406.8,405.6,405.9,406.0,406.4,407.8,408.1,408.6,410.0,410.4,411.7,409.8,410.2,409.9,410.9,409.7,409.0,372.3,382.7,396.4,398.1,404.2,406.3,409.3,410.6,412.6,410.1,410.6,411.5,411.5,412.5,412.8,414.2,414.7,415.8,419.9,421.9,424.1,427.0,433.7,431.6,433.7,433.0,433.0,434.3,435.2,437.1,436.4,436.9,437.6,438.0,438.7,439.2,439.4,440.8,440.7,444.2,444.5,444.0,,,
South Dakota,75.8,75.8,75.8,76.7,76.2,76.0,76.0,75.9,76.2,76.2,76.3,76.1,76.8,77.3,77.6,76.7,76.8,76.4,76.5,76.3,76.3,76.5,76.4,76.5,76.1,75.9,75.5,76.0,76.0,76.4,76.1,76.2,76.4,76.5,76.2,76.2,76.0,75.9,75.7,76.4,76.0,76.0,76.3,76.0,75.8,76.1,76.1,76.1,76.2,76.2,76.2,76.5,76.8,76.9,77.0,77.5,77.2,77.5,77.6,77.6,77.6,78.3,78.4,78.7,78.6,78.3,78.8,79.1,79.2,78.8,79.2,79.3,79.5,79.6,79.7,79.7,79.6,79.9,79.8,80.1,80.1,80.1,80.2,80.6,80.8,80.8,81.1,81.1,81.1,81.1,81.3,81.2,81.2,81.4,81.4,81.3,82.2,82.4,82.0,81.9,81.9,81.8,82.2,82.3,82.1,82.1,81.5,81.6,81.3,81.0,80.8,80.1,80.6,80.5,80.5,80.2,80.3,80.1,80.4,80.4,80.1,80.0,80.3,80.3,80.2,80.6,80.5,80.5,80.4,80.9,80.9,80.8,80.9,81.1,81.1,81.5,81.5,81.4,81.5,81.7,81.9,81.9,82.0,82.4,82.3,82.4,82.6,82.8,82.7,82.8,82.5,82.8,83.0,83.0,83.2,83.1,82.8,83.1,83.0,82.9,83.6,83.5,83.5,83.5,83.6,84.1,84.1,84.4,84.7,84.9,85.0,85.3,85.3,85.5,85.9,86.2,86.1,86.2,86.1,86.5,86.5,86.7,86.8,87.0,87.1,87.2,87.3,87.5,87.4,87.6,87.6,87.8,87.8,87.9,88.1,88.0,88.1,87.9,88.2,88.1,88.0,87.8,87.8,87.7,87.4,87.4,87.3,87.4,87.0,86.9,86.8,86.8,87.0,87.1,86.8,86.9,86.6,86.7,86.5,86.2,86.6,86.4,86.5,86.5,86.7,86.6,86.5,86.4,86.6,86.1,85.8,85.9,86.1,85.9,86.1,86.0,85.5,85.5,85.6,85.4,85.8,85.7,85.6,78.7,80.3,82.5,83.4,84.1,84.7,85.2,85.1,85.8,85.6,85.8,86.2,86.5,86.7,87.0,87.0,87.2,87.2,87.5,87.8,88.0,88.0,88.7,88.7,88.5,88.5,89.1,89.2,89.4,89.8,90.3,90.9,90.7,90.9,92.2,92.0,92.6,93.3,92.9,92.5,92.5,92.8,,,
Tennessee,589.9,592.3,593.5,595.2,594.6,595.5,596.5,593.6,593.0,593.4,592.6,591.2,598.1,596.4,594.0,592.0,591.1,588.5,584.5,584.4,582.4,580.0,578.6,577.1,575.7,574.7,574.2,573.2,573.2,572.5,577.3,575.4,575.2,577.1,575.3,578.4,576.3,575.9,575.4,576.0,575.0,575.4,575.0,576.5,577.2,580.1,579.9,579.8,580.9,582.1,583.2,583.4,583.6,585.7,584.8,586.4,586.1,591.7,591.4,594.8,588.8,592.0,593.0,594.8,595.7,594.5,600.6,599.1,599.9,599.5,600.2,601.3,602.6,603.7,604.8,605.5,605.7,605.5,605.3,606.4,606.7,605.1,605.7,607.6,608.1,608.2,610.1,608.6,608.8,608.2,607.7,607.1,607.7,608.7,609.9,609.7,608.5,609.0,608.3,604.3,601.7,600.0,598.2,596.2,593.6,587.5,583.4,579.7,574.7,570.3,565.1,557.7,557.2,556.0,553.2,552.3,550.7,549.6,548.4,546.9,548.7,548.8,549.6,549.2,550.0,551.4,551.9,552.4,551.4,553.1,552.8,553.6,552.5,554.2,555.5,557.9,558.6,559.0,560.5,560.3,561.2,562.8,563.1,563.6,566.6,566.2,569.1,569.4,569.9,569.5,569.8,569.5,572.8,572.6,573.5,574.6,574.0,576.0,573.9,574.2,574.7,576.0,576.7,576.2,576.4,577.8,578.8,581.9,577.7,579.0,581.0,582.6,582.7,584.2,585.0,586.0,587.8,588.0,589.8,590.6,589.6,588.6,589.3,592.1,595.2,597.1,599.0,600.2,600.9,603.2,603.2,605.8,606.5,608.0,609.4,611.2,611.6,610.8,614.2,613.9,615.5,615.3,615.3,614.9,614.5,615.3,614.0,615.1,614.2,614.6,615.9,617.8,619.6,619.0,618.7,619.5,619.0,619.5,621.2,620.7,622.1,622.3,623.9,624.4,625.4,626.5,628.4,629.0,632.0,633.0,632.5,633.4,634.2,635.8,634.6,636.2,637.8,635.8,637.1,638.3,640.2,638.3,636.7,586.4,602.6,618.4,620.5,627.0,631.2,639.7,646.2,653.4,646.0,645.5,646.7,639.0,641.6,644.9,650.3,653.0,654.5,660.0,661.9,663.5,668.5,676.8,675.8,675.9,676.6,676.1,676.6,678.4,681.2,681.5,683.5,685.6,688.0,686.5,684.7,681.4,682.0,680.3,681.7,681.7,683.4,,,
Texas,1935.1,1942.5,1943.9,1945.5,1949.0,1957.2,1955.8,1965.8,1966.7,1971.0,1977.3,1984.3,1979.7,1979.8,1981.1,1979.4,1977.2,1974.7,1971.1,1967.6,1961.9,1956.2,1943.9,1936.8,1939.9,1938.3,1938.8,1937.9,1939.2,1935.3,1933.5,1927.7,1925.3,1919.2,1915.8,1912.3,1907.0,1903.0,1899.0,1896.7,1891.6,1891.3,1890.2,1894.0,1897.6,1901.2,1904.9,1902.8,1911.6,1916.2,1918.3,1921.9,1925.6,1925.4,1929.6,1936.6,1932.7,1940.0,1941.6,1939.9,1949.3,1950.6,1953.2,1959.9,1966.2,1971.2,1981.8,1986.6,1991.1,1989.2,2005.0,2007.2,2008.3,2012.4,2019.1,2022.5,2025.1,2028.3,2028.7,2035.7,2042.1,2045.0,2050.4,2057.6,2065.7,2071.3,2080.1,2084.4,2088.0,2093.7,2098.2,2097.1,2103.4,2110.8,2115.2,2119.4,2122.1,2130.1,2126.8,2128.0,2126.0,2128.2,2130.5,2131.0,2121.1,2116.2,2111.4,2103.7,2091.4,2077.5,2065.4,2051.0,2043.6,2036.2,2028.3,2024.6,2025.2,2015.0,2010.1,2008.2,2012.6,2013.4,2018.5,2021.1,2025.9,2029.2,2030.2,2033.1,2037.5,2043.5,2044.5,2047.2,2053.1,2057.0,2066.7,2078.2,2079.8,2082.6,2091.4,2096.9,2101.1,2103.7,2108.3,2111.3,2121.9,2126.3,2132.6,2137.7,2143.1,2150.6,2155.8,2159.7,2162.7,2169.9,2182.6,2179.4,2181.8,2192.3,2195.9,2202.5,2207.5,2213.9,2219.6,2226.4,2232.6,2238.9,2245.1,2247.9,2255.3,2260.0,2265.8,2271.5,2277.7,2287.1,2293.2,2300.0,2307.2,2313.8,2324.3,2335.2,2339.9,2346.3,2352.3,2354.7,2365.9,2372.0,2373.4,2378.2,2382.6,2380.9,2378.9,2382.8,2384.7,2391.2,2393.5,2394.5,2395.8,2397.6,2406.3,2408.0,2410.3,2412.2,2415.4,2416.2,2419.7,2420.6,2422.4,2426.7,2429.1,2435.3,2434.8,2442.1,2437.9,2444.7,2448.2,2451.2,2450.4,2458.2,2462.4,2467.0,2474.3,2475.4,2477.4,2480.2,2484.9,2479.4,2483.0,2481.6,2487.1,2490.4,2488.6,2490.6,2495.2,2499.3,2505.4,2506.4,2508.4,2510.6,2517.8,2519.4,2521.0,2521.9,2517.3,2314.8,2372.2,2428.3,2432.6,2450.7,2466.2,2488.5,2493.2,2494.8,2504.3,2510.6,2526.5,2518.5,2541.9,2554.2,2567.0,2575.4,2590.0,2612.9,2622.6,2639.4,2644.9,2687.8,2689.4,2698.0,2704.5,2702.3,2721.5,2730.0,2739.7,2746.3,2747.9,2752.3,2752.2,2758.1,2763.3,2771.1,2780.5,2785.5,2784.8,2785.3,2800.5,,,
Utah,217.6,217.6,217.9,218.1,217.6,219.0,219.2,219.8,221.0,222.0,221.7,222.3,220.7,221.0,220.9,220.6,219.7,218.7,218.3,217.7,216.9,215.6,214.5,213.6,215.3,215.5,214.0,215.2,215.8,215.3,215.1,214.9,214.4,214.6,213.8,213.1,212.6,212.8,212.3,212.3,212.7,212.7,212.8,213.4,213.5,214.0,214.8,214.8,216.2,216.3,215.8,217.4,218.5,218.5,218.3,218.2,218.7,219.5,220.5,220.2,220.9,221.8,223.2,223.6,224.0,223.7,225.1,226.3,226.9,228.0,228.4,229.0,229.8,230.7,231.5,231.8,232.7,234.1,234.9,236.0,236.9,236.8,238.7,240.3,241.8,242.6,243.8,243.6,244.4,244.4,245.3,245.7,246.2,246.6,247.3,248.2,248.3,248.1,248.3,248.7,248.2,248.6,248.3,247.9,247.2,245.8,244.3,242.9,240.6,239.1,237.5,234.8,234.5,233.4,231.5,230.7,231.1,230.0,229.7,229.2,228.5,228.2,228.3,228.1,228.1,228.3,228.2,228.6,228.1,228.4,228.6,228.7,229.1,229.6,230.2,232.1,231.9,232.4,232.9,233.4,233.8,234.1,234.7,235.2,237.1,237.2,238.0,238.9,239.9,241.0,240.3,240.5,241.5,241.8,243.7,243.1,244.4,244.5,244.0,244.2,244.9,245.3,246.4,246.6,246.0,247.1,247.2,248.0,247.6,248.0,248.6,249.0,249.8,250.9,250.7,251.9,252.7,254.0,255.5,256.0,257.6,258.8,259.7,259.7,260.2,260.4,261.7,262.7,263.1,263.5,264.0,264.2,265.1,266.3,268.3,268.0,268.8,269.3,269.7,270.2,270.9,270.3,270.8,271.6,272.3,272.7,273.4,273.8,273.6,274.8,275.7,275.6,276.1,277.6,278.5,279.0,278.7,279.9,280.6,280.4,282.1,283.3,284.6,285.5,286.6,287.3,288.5,288.5,289.0,288.8,288.3,289.2,289.0,288.9,288.6,289.4,289.6,289.9,290.6,290.2,288.3,288.0,288.1,266.3,276.5,283.4,287.3,290.3,293.3,297.0,298.8,300.7,300.9,301.4,301.4,301.8,302.3,303.9,304.5,305.5,304.3,306.4,307.0,308.2,309.2,311.1,311.8,313.7,313.4,312.8,313.7,313.9,314.2,314.2,315.7,315.8,315.9,316.6,317.0,315.2,315.0,313.4,313.5,312.7,312.9,,,
Vermont,57.6,57.8,57.8,57.7,57.6,57.8,58.2,58.2,58.2,58.2,58.3,58.3,58.5,58.7,58.5,58.6,58.7,58.7,58.5,58.4,58.6,58.7,58.8,58.9,58.8,58.8,59.1,58.9,59.2,59.0,59.2,59.2,59.0,58.7,58.3,58.4,58.6,58.2,58.0,58.1,58.0,58.2,58.0,58.1,58.1,58.4,58.5,58.9,58.6,58.2,58.8,58.8,58.9,59.0,59.1,59.1,59.0,59.4,59.3,59.1,59.5,59.4,59.4,59.6,59.3,59.3,59.6,59.5,59.6,59.4,59.0,59.3,59.4,59.4,59.5,59.6,59.6,59.5,59.6,59.6,59.8,59.6,59.6,59.6,59.7,59.5,59.3,59.1,59.1,59.3,59.5,58.9,59.1,59.4,59.6,59.4,59.5,59.7,59.5,59.6,59.5,59.2,59.0,58.9,58.5,58.2,57.9,57.5,57.2,57.0,56.5,56.1,56.3,56.0,55.9,56.0,55.6,55.6,55.5,55.5,55.4,55.4,55.3,56.0,55.3,55.4,56.8,56.3,56.3,56.5,56.4,56.0,56.2,56.1,56.3,56.2,55.7,55.8,55.7,55.8,55.8,55.7,55.6,55.6,55.3,55.4,55.3,55.6,55.5,55.8,55.7,55.6,55.8,55.3,55.3,55.3,55.4,55.3,55.5,55.4,55.3,55.5,55.2,55.5,55.5,55.6,55.6,55.5,55.4,55.4,55.5,55.5,55.8,55.6,55.6,55.7,55.8,55.7,55.9,55.8,55.8,55.8,55.7,55.5,55.5,55.5,55.2,55.3,55.3,55.3,55.3,55.6,55.6,55.6,55.7,55.8,55.7,55.3,55.6,55.6,55.7,55.4,55.3,55.3,55.6,55.1,55.1,55.2,55.2,55.2,55.0,55.2,55.0,55.2,55.1,55.0,54.6,54.6,54.6,54.5,54.7,54.5,54.6,54.8,54.7,54.7,54.8,54.5,54.4,54.4,54.5,54.2,54.0,54.0,54.0,54.0,53.7,53.8,53.6,54.0,53.8,53.8,53.2,43.1,46.1,48.5,49.0,49.7,50.7,50.9,51.1,51.4,51.5,51.4,51.4,51.5,51.4,51.4,51.5,51.4,51.5,51.4,51.5,51.3,51.5,51.7,51.8,52.0,51.8,51.8,51.7,51.7,51.6,52.2,52.2,52.4,52.8,52.8,52.8,52.8,52.4,52.4,52.6,52.3,52.1,,,
Virginia,643.5,647.2,648.0,647.8,648.2,648.3,648.7,650.1,652.4,655.2,656.1,656.4,649.5,648.0,648.4,645.1,645.9,645.3,645.5,644.0,642.9,640.8,639.3,635.9,638.0,636.4,635.6,635.8,635.7,636.5,636.5,636.2,636.7,634.7,634.4,635.5,629.8,630.8,631.1,631.9,632.9,632.8,634.3,635.7,636.5,639.5,639.9,641.2,640.1,642.7,643.3,644.7,645.2,646.2,647.4,647.8,647.7,648.8,648.7,649.5,651.2,653.2,653.3,656.9,655.0,654.3,656.9,657.6,658.6,659.6,660.8,662.4,663.0,660.9,663.1,662.4,662.2,662.8,660.7,661.5,660.7,663.0,664.2,665.2,667.2,667.3,668.4,667.6,667.4,667.4,668.2,666.8,667.1,666.3,668.6,667.6,667.8,666.6,665.6,664.1,660.6,660.6,659.7,658.6,657.1,651.8,647.6,644.6,638.0,635.0,630.1,626.6,625.1,623.4,620.2,619.1,619.3,617.4,616.9,615.4,616.0,613.2,617.4,621.8,621.4,622.1,622.1,622.6,621.4,623.7,623.4,624.6,624.9,626.4,627.1,629.9,627.2,627.2,629.2,629.7,629.9,628.5,629.5,630.3,631.9,631.8,634.0,632.4,632.5,631.6,630.9,630.2,632.3,634.7,636.4,637.0,631.9,632.6,632.9,632.8,632.9,633.9,635.2,635.3,636.2,636.6,637.4,637.6,637.3,637.4,639.0,640.2,640.5,641.1,641.1,641.3,642.1,642.6,643.2,644.5,645.0,645.6,644.8,646.6,649.0,651.0,656.6,657.6,659.2,659.2,659.2,658.3,658.4,659.2,660.3,660.3,661.1,661.2,660.6,660.6,660.8,660.8,662.1,661.9,661.9,661.8,660.9,661.7,661.4,662.3,662.1,661.9,662.6,660.9,660.6,661.1,660.9,661.6,661.3,660.9,662.6,661.8,661.8,662.0,661.2,659.4,661.0,660.6,661.2,658.1,659.3,658.6,658.7,658.6,657.9,658.3,657.3,659.4,659.6,659.6,658.8,658.4,657.1,590.8,596.8,620.9,630.1,637.7,643.7,646.5,647.0,648.8,653.4,651.2,652.9,650.6,653.3,655.4,654.5,655.2,653.8,657.2,659.9,661.9,660.3,665.0,664.5,665.1,665.2,664.1,667.8,668.9,669.7,666.2,666.0,667.3,667.9,667.9,665.5,665.5,665.9,666.8,666.0,667.7,667.4,,,
Washington,528.9,530.8,533.6,530.6,531.4,531.4,526.1,528.8,528.9,533.0,534.5,534.9,531.0,530.2,530.6,527.9,524.7,523.4,520.3,517.6,514.3,511.7,507.5,505.5,504.2,501.2,499.3,497.5,496.7,494.7,507.9,505.9,506.8,506.5,504.9,505.7,509.8,507.5,506.3,505.8,505.8,506.2,508.8,507.5,508.5,509.1,509.1,510.0,509.3,510.1,511.7,514.2,515.0,516.4,517.5,518.5,518.6,521.7,522.4,522.7,523.3,524.5,525.4,525.6,527.1,526.8,527.7,529.9,530.9,530.8,533.3,535.4,536.2,536.7,537.6,537.4,538.7,540.1,539.0,540.6,541.4,541.1,542.5,544.2,545.8,548.3,549.2,550.0,550.3,551.0,551.4,551.7,551.1,552.8,556.6,556.5,557.5,557.3,557.1,555.5,554.2,552.8,552.1,551.5,548.8,546.9,541.7,538.9,537.2,531.3,526.0,520.8,520.8,519.0,518.1,516.3,516.3,513.9,512.3,511.5,511.2,509.8,511.3,513.0,512.2,512.9,511.5,510.2,510.6,513.0,513.1,513.7,513.5,514.7,516.1,517.3,517.4,517.2,520.2,520.5,521.2,519.8,521.2,520.7,521.3,522.4,523.8,524.5,525.8,527.2,528.2,528.6,529.2,530.4,531.4,532.0,532.1,534.6,534.0,535.4,537.5,537.8,539.1,540.7,541.5,545.1,546.3,548.9,550.1,549.0,549.2,550.2,550.9,552.6,555.0,557.1,558.9,559.3,561.4,564.7,564.0,564.8,567.4,567.3,568.9,571.3,571.0,572.3,573.2,572.7,574.2,575.8,575.3,577.0,578.7,581.8,583.0,585.0,585.9,586.4,587.3,589.2,589.8,590.5,589.5,591.2,592.1,593.7,593.9,594.3,595.2,595.6,597.0,596.9,597.7,598.9,601.8,601.9,602.0,600.4,601.3,602.5,601.8,603.2,603.2,603.0,602.2,600.6,603.7,601.2,602.6,603.3,603.2,602.9,602.5,602.0,602.3,602.2,602.3,604.3,603.1,603.4,602.2,541.4,542.7,565.0,574.9,579.8,584.1,588.1,590.2,592.2,595.8,597.9,599.8,602.4,604.9,607.1,606.9,606.3,609.9,616.9,616.5,616.7,602.3,613.1,612.4,612.6,613.0,610.4,613.7,614.3,615.0,616.0,615.7,616.3,619.0,618.5,621.1,622.3,623.2,618.8,617.5,618.0,620.0,,,
West Virginia,145.1,144.8,145.1,144.7,144.4,144.5,144.9,144.8,144.9,144.3,144.6,144.3,142.4,141.9,141.4,141.1,140.6,140.5,139.5,139.3,139.0,138.5,138.2,137.9,138.3,138.2,138.2,137.7,137.6,137.3,137.1,136.4,135.9,136.0,135.6,135.6,135.4,134.8,135.1,135.8,135.7,135.8,135.8,136.0,136.0,136.2,134.0,136.0,136.6,136.3,136.4,136.4,136.6,136.9,137.5,137.6,138.0,138.4,138.5,138.2,138.8,139.0,138.8,139.2,139.7,139.4,139.8,139.7,139.9,139.6,140.2,140.5,140.8,141.1,141.7,141.9,141.3,141.9,141.4,141.5,142.1,142.5,142.9,142.9,143.1,143.0,143.7,143.0,142.9,143.1,142.9,143.2,143.2,143.7,143.6,143.5,143.5,143.9,143.7,142.4,142.0,141.8,141.9,141.3,141.1,140.3,139.6,139.1,138.1,137.3,136.6,136.2,136.1,136.3,135.5,135.4,135.4,134.8,134.5,134.1,134.0,133.7,134.5,134.4,134.9,134.7,134.9,134.7,134.2,135.2,135.6,135.1,135.0,135.2,135.0,135.7,135.3,135.1,135.5,135.7,135.7,135.4,135.7,135.7,136.1,135.9,136.0,135.8,135.6,135.5,135.5,135.6,135.9,135.5,134.5,134.6,135.7,136.0,135.7,135.5,135.5,135.7,135.7,135.4,135.4,135.6,135.5,135.7,135.5,135.3,134.9,135.3,135.3,135.3,134.9,135.2,134.8,135.8,135.9,135.8,135.4,135.3,135.2,135.2,135.8,135.8,135.7,135.2,135.2,135.3,134.9,134.9,134.1,134.1,134.5,134.6,134.0,133.5,133.5,133.6,133.7,132.9,132.6,132.6,132.4,131.8,131.5,131.2,130.9,130.9,130.8,130.9,131.1,132.0,131.4,130.2,131.9,131.2,130.8,130.1,130.4,130.3,129.9,129.8,129.5,129.7,129.8,129.7,129.8,128.8,128.4,128.0,127.2,126.7,126.7,126.6,126.4,127.1,126.6,126.6,126.4,125.2,124.4,110.7,114.4,119.8,119.7,120.5,120.8,121.5,120.6,120.2,121.4,122.1,122.7,122.6,122.7,123.1,123.8,123.9,123.1,123.4,123.1,123.3,124.0,124.1,123.8,123.7,122.9,122.0,122.3,122.2,122.2,121.8,120.4,120.8,122.4,122.9,123.3,123.0,122.7,122.5,122.3,122.0,122.1,,,
Wisconsin,547.3,548.1,549.3,551.3,549.7,548.9,550.7,551.5,553.5,554.7,554.7,553.9,555.3,553.6,551.9,550.9,549.7,547.3,544.6,544.2,541.3,538.6,537.8,535.2,538.5,537.8,537.5,535.1,534.8,533.6,534.0,532.5,532.5,532.3,533.4,532.9,533.9,534.1,531.9,534.4,534.3,534.8,533.2,533.1,534.9,535.0,534.4,535.0,534.8,534.4,534.7,534.3,536.1,536.9,539.3,539.0,537.7,538.2,538.6,538.0,537.1,538.4,538.8,540.5,540.0,538.5,541.0,542.1,542.1,544.5,544.6,545.6,540.6,541.7,542.1,542.7,541.4,542.2,541.1,542.0,542.2,542.2,543.4,544.8,545.5,545.5,545.8,544.4,545.9,546.2,545.2,543.2,543.4,542.7,543.1,542.6,543.9,543.3,542.8,542.7,540.4,539.1,538.9,537.4,535.7,533.4,530.3,528.3,524.9,522.6,519.3,517.3,516.8,517.2,513.1,511.9,510.7,510.0,507.5,506.0,505.5,504.8,505.1,506.2,505.2,506.1,505.2,505.0,504.3,507.2,505.9,505.8,506.6,506.3,506.4,508.3,506.6,506.3,508.3,508.7,509.8,509.4,509.7,508.7,510.0,509.1,509.3,508.4,508.9,508.8,508.2,508.5,509.2,510.2,512.6,511.2,512.1,512.9,512.9,513.3,514.5,515.1,514.9,515.9,515.6,515.8,516.7,517.8,518.1,519.3,520.2,521.6,521.6,522.0,522.2,522.3,522.4,522.5,523.7,523.8,523.8,523.7,525.1,524.6,526.4,527.3,528.8,530.9,532.8,533.5,532.7,531.6,533.7,535.1,535.0,537.7,536.8,536.3,537.9,537.6,537.7,537.5,537.1,536.5,539.1,539.2,539.0,538.9,538.9,539.0,538.5,539.1,539.4,539.4,540.5,540.7,540.9,541.1,541.9,540.5,541.1,540.7,540.9,540.7,540.0,537.8,538.4,538.2,538.4,536.1,535.6,536.2,535.3,535.3,534.5,534.6,534.2,535.1,535.3,534.6,534.7,535.1,535.0,474.1,490.5,514.9,519.6,522.4,527.0,529.8,528.9,531.3,533.1,533.2,535.1,534.2,533.6,534.7,536.8,536.8,534.5,536.8,537.9,538.9,540.5,549.7,550.3,549.6,549.9,549.0,550.1,550.6,552.3,551.8,552.0,551.8,551.6,554.5,555.6,555.2,557.4,556.0,553.8,552.7,552.6,,,
Wyoming,47.5,47.8,47.5,47.6,47.8,47.6,48.0,48.4,48.3,48.6,49.0,48.8,48.7,48.7,48.9,48.9,49.1,48.9,48.6,48.5,48.4,48.0,47.9,48.1,48.3,48.2,48.2,48.3,48.5,48.5,48.4,48.4,48.5,48.6,48.7,48.7,48.5,48.3,48.0,48.3,48.3,48.3,48.5,48.7,48.8,48.8,48.6,48.6,48.9,49.1,49.0,49.2,49.3,49.3,49.4,49.3,49.3,49.3,49.5,49.5,49.4,49.8,50.0,50.2,50.5,50.6,50.7,50.9,51.1,51.5,51.4,51.6,51.7,51.9,52.3,52.2,52.2,52.6,52.5,52.5,52.7,52.8,53.1,53.4,54.1,54.5,55.0,54.6,54.8,55.0,55.2,55.3,55.5,55.8,55.8,56.2,56.2,56.1,56.1,56.0,55.9,55.9,55.9,55.9,56.0,56.0,55.9,55.8,55.4,55.0,54.5,53.7,53.7,53.4,53.1,53.1,52.8,52.4,52.2,51.9,51.9,51.8,51.4,51.7,51.7,51.9,51.8,51.7,51.8,52.0,51.9,51.9,51.9,52.1,52.0,52.3,52.5,52.4,52.5,52.8,53.1,52.8,52.9,52.9,53.1,53.1,53.3,53.4,53.5,53.2,53.1,53.2,53.3,53.4,53.4,53.6,53.4,53.5,53.5,53.5,53.9,54.0,54.1,54.2,54.1,54.3,54.2,54.3,54.3,54.3,54.3,54.5,54.8,54.7,54.8,55.1,55.1,55.5,55.4,55.8,56.0,56.1,56.3,56.2,56.0,55.8,55.6,55.7,55.5,55.4,55.4,55.3,55.3,54.9,54.6,54.0,53.7,53.4,53.4,53.1,52.7,52.9,52.7,52.5,52.2,52.1,51.9,51.8,52.0,52.0,52.3,52.4,52.3,51.7,51.8,51.7,51.9,51.8,51.7,52.0,52.1,52.1,52.2,52.2,52.3,51.9,52.1,52.1,52.0,52.2,52.1,52.3,52.1,52.1,52.1,52.1,52.0,51.9,51.7,51.6,51.7,51.6,51.4,48.7,49.2,49.9,49.8,50.2,50.4,50.5,50.8,50.8,50.8,50.9,51.0,50.9,51.2,51.0,51.2,51.4,51.3,51.6,51.7,51.8,51.9,52.0,52.1,52.1,52.1,52.0,52.3,52.5,52.5,52.0,52.2,52.5,52.2,52.3,52.5,52.3,52.5,52.1,51.4,51.8,52.4,,,
