State,United States,Alabama,Alaska,Arizona,Arkansas,California,Colorado,Connecticut,Delaware,Florida,Georgia,Hawaii,Idaho,Illinois,Indiana,Iowa,Kansas,Kentucky,Louisiana,Maine,Maryland,Massachusetts,Michigan,Minnesota,Mississippi,Missouri,Montana,Nebraska,Nevada,New Hampshire,New Jersey,New Mexico,New York,North Carolina,North Dakota,Ohio,Oklahoma,Oregon,Pennsylvania,Rhode Island,South Carolina,South Dakota,Tennessee,Texas,Utah,Vermont,Virginia,Washington,West Virginia,Wisconsin,Wyoming,,
Civilian_labor_force_2000,"142,601,576","2,147,173","319,777","2,510,611","1,260,507","16,837,536","2,358,371","1,760,697","412,956","7,917,857","4,202,695","605,395","661,066","6,494,429","3,125,304","1,594,400","1,402,606","1,957,400","2,026,392","677,489","2,801,391","3,340,566","5,156,695","2,799,111","1,309,882","2,971,441","470,069","938,849","1,070,776","685,799","4,287,640","846,150","9,140,541","4,127,465","342,761","5,781,442","1,655,517","1,811,837","6,105,742","542,514","1,965,481","408,496","2,849,026","10,388,337","1,142,860","334,055","3,606,390","3,087,680","799,081","2,985,643","265,701",,
Civilian_labor_force_2001,"143,786,537","2,128,027","321,652","2,593,664","1,261,419","17,096,428","2,396,012","1,749,195","421,563","8,048,882","4,257,901","607,556","678,281","6,454,092","3,143,985","1,610,634","1,398,521","1,953,834","2,027,220","674,958","2,836,279","3,386,892","5,138,844","2,847,955","1,294,733","2,987,905","465,355","945,374","1,113,529","692,029","4,294,366","855,088","9,126,538","4,191,959","342,528","5,821,151","1,672,620","1,815,076","6,178,900","541,661","1,941,956","413,493","2,857,659","10,539,140","1,162,874","338,145","3,681,107","3,085,655","796,596","3,017,681","268,393",,
Civilian_labor_force_2002,"144,839,298","2,112,621","327,054","2,683,502","1,276,964","17,246,528","2,448,903","1,776,064","417,207","8,050,051","4,341,617","601,786","685,650","6,341,891","3,161,709","1,629,047","1,419,335","1,944,682","2,013,652","678,559","2,872,367","3,436,864","5,034,722","2,873,004","1,290,793","2,981,097","466,408","952,937","1,134,096","700,563","4,345,273","866,850","9,294,770","4,209,274","342,463","5,827,493","1,685,334","1,834,254","6,214,539","550,244","1,954,548","416,793","2,898,948","10,742,014","1,179,433","343,261","3,739,499","3,101,001","798,709","3,016,760","269,405",,
Civilian_labor_force_2003,"145,660,094","2,128,668","332,494","2,728,649","1,282,578","17,271,899","2,490,397","1,785,737","415,890","8,123,135","4,414,282","603,936","691,702","6,310,520","3,178,568","1,607,931","1,441,065","1,965,881","2,024,914","685,165","2,881,024","3,418,989","5,036,119","2,893,369","1,304,578","2,983,337","470,502","967,039","1,150,376","708,938","4,344,387","880,251","9,283,810","4,285,401","347,099","5,862,996","1,686,378","1,846,328","6,157,935","560,785","1,999,485","421,524","2,904,566","10,910,636","1,197,252","346,380","3,772,549","3,136,253","791,841","3,045,298","272,804",,
Civilian_labor_force_2004,"146,724,795","2,138,306","337,469","2,788,618","1,302,378","17,374,506","2,539,389","1,777,510","421,093","8,347,316","4,464,780","611,752","702,872","6,348,716","3,165,247","1,607,438","1,458,910","1,969,935","2,030,415","685,989","2,885,111","3,400,830","5,056,148","2,893,478","1,314,982","2,995,924","478,226","973,636","1,178,651","715,495","4,348,048","890,462","9,359,930","4,287,954","353,652","5,853,714","1,690,505","1,845,407","6,212,828","555,679","2,043,864","425,953","2,897,792","10,998,258","1,231,740","347,352","3,814,529","3,189,389","789,527","3,034,621","274,736",,
Civilian_labor_force_2005,"148,597,241","2,140,356","344,157","2,862,517","1,333,880","17,537,931","2,572,382","1,794,301","433,375","8,647,279","4,598,159","625,530","730,354","6,410,767","3,202,215","1,628,510","1,458,767","1,991,726","2,078,215","695,280","2,931,581","3,385,536","5,069,602","2,880,908","1,317,407","3,011,096","485,546","972,759","1,228,449","726,101","4,387,304","906,007","9,455,488","4,348,830","356,385","5,880,691","1,709,289","1,848,897","6,256,642","563,439","2,071,111","429,361","2,898,490","11,172,694","1,280,653","349,521","3,906,549","3,259,772","794,557","3,029,662","279,083",,
Civilian_labor_force_2006,"150,707,773","2,170,007","348,756","2,970,679","1,346,532","17,661,179","2,640,452","1,831,083","443,228","8,927,098","4,713,863","635,415","744,475","6,515,687","3,235,980","1,655,924","1,467,553","2,026,144","2,001,297","700,747","2,984,444","3,411,688","5,056,734","2,889,613","1,280,618","3,036,656","495,166","971,430","1,291,512","732,384","4,436,646","914,467","9,520,386","4,461,103","362,712","5,957,220","1,714,440","1,881,770","6,297,964","571,586","2,148,698","432,760","3,014,749","11,335,112","1,333,278","355,394","3,976,503","3,330,058","804,910","3,066,266","284,826",,
Civilian_labor_force_2007,"152,191,050","2,180,448","350,233","3,018,805","1,350,811","17,910,726","2,687,742","1,856,008","445,306","9,113,604","4,810,264","636,710","755,287","6,639,198","3,202,589","1,662,155","1,485,414","2,035,493","2,026,793","699,753","2,989,317","3,433,239","4,994,841","2,898,861","1,293,338","3,058,119","505,095","979,043","1,344,209","737,928","4,436,092","920,673","9,511,023","4,528,594","367,564","6,017,203","1,723,271","1,910,890","6,346,588","571,086","2,155,198","436,295","3,043,258","11,441,054","1,377,638","353,268","4,039,414","3,401,404","804,305","3,087,598","290,748",,
Civilian_labor_force_2008,"153,761,037","2,176,854","355,298","3,095,993","1,357,716","18,179,907","2,734,398","1,878,120","450,265","9,156,458","4,863,225","641,526","759,676","6,652,942","3,244,790","1,682,209","1,493,365","2,038,225","2,064,692","701,930","3,027,934","3,465,906","4,915,781","2,914,133","1,293,375","3,065,251","512,278","987,537","1,373,107","742,881","4,495,936","933,628","9,641,100","4,578,477","371,843","6,002,468","1,740,886","1,946,539","6,439,786","568,229","2,160,084","439,212","3,060,778","11,677,743","1,385,646","353,986","4,128,589","3,474,043","806,254","3,098,931","296,620",,
Civilian_labor_force_2009,"153,825,454","2,156,593","359,379","3,128,891","1,353,340","18,305,953","2,730,604","1,888,374","438,383","8,987,789","4,792,150","631,970","763,633","6,601,620","3,216,535","1,677,059","1,512,572","2,064,847","2,067,873","697,698","3,049,869","3,470,431","4,860,036","2,932,056","1,268,505","3,061,704","502,593","987,855","1,367,367","739,802","4,540,303","928,373","9,664,010","4,613,198","370,364","5,904,847","1,769,447","1,968,365","6,400,238","571,203","2,166,737","441,300","3,032,658","11,944,138","1,373,841","359,282","4,136,186","3,463,713","811,270","3,112,494","299,893",,
Civilian_labor_force_2010,"154,254,521","2,197,028","361,707","3,096,316","1,353,635","18,370,536","2,715,723","1,911,289","436,196","9,147,107","4,709,781","648,549","762,147","6,612,433","3,175,885","1,674,411","1,500,463","2,065,023","2,084,462","697,832","3,078,368","3,479,304","4,754,799","2,940,696","1,309,128","3,043,249","500,895","992,009","1,358,860","739,340","4,559,778","928,862","9,630,297","4,633,695","379,062","5,871,473","1,765,708","1,991,749","6,360,605","571,505","2,174,535","443,618","3,093,118","12,260,100","1,350,173","359,692","4,163,293","3,458,451","810,101","3,082,935","301,893",,
Civilian_labor_force_2011,"154,520,678","2,202,337","364,599","3,051,937","1,357,819","18,406,756","2,730,262","1,914,449","443,971","9,260,348","4,739,281","660,634","764,205","6,567,531","3,189,011","1,670,056","1,498,000","2,061,500","2,080,525","698,979","3,097,300","3,484,135","4,668,979","2,952,527","1,345,990","3,032,960","501,065","1,003,635","1,360,791","736,785","4,561,786","925,108","9,537,752","4,657,873","387,383","5,773,480","1,767,056","1,995,931","6,381,749","562,061","2,185,171","445,866","3,117,492","12,499,595","1,341,427","357,676","4,205,184","3,437,871","806,568","3,072,157","302,932",,
Civilian_labor_force_2012,"155,038,121","2,178,508","364,153","3,054,343","1,349,888","18,484,881","2,749,192","1,887,545","445,962","9,335,727","4,770,618","650,415","772,112","6,583,689","3,172,556","1,660,180","1,490,808","2,060,084","2,089,644","700,730","3,120,947","3,506,457","4,685,462","2,949,770","1,330,450","3,004,347","506,441","1,012,807","1,366,208","740,796","4,576,286","928,762","9,602,599","4,720,203","395,490","5,712,475","1,794,901","1,964,662","6,449,023","560,204","2,190,203","447,056","3,096,322","12,639,465","1,348,557","353,947","4,217,529","3,468,738","808,022","3,070,033","303,748",,
Civilian_labor_force_2013,"155,362,278","2,172,102","363,544","3,064,554","1,331,609","18,565,408","2,766,140","1,867,378","443,551","9,414,664","4,750,046","650,978","777,606","6,556,593","3,193,683","1,676,565","1,489,395","2,055,895","2,101,974","704,240","3,128,908","3,516,689","4,736,919","2,961,729","1,273,057","3,011,198","511,199","1,014,830","1,370,727","743,036","4,528,019","929,410","9,632,949","4,701,391","401,518","5,706,777","1,799,525","1,924,692","6,419,837","558,747","2,197,876","447,479","3,078,892","12,832,035","1,385,908","350,175","4,238,377","3,460,772","799,481","3,077,801","302,201",,
Civilian_labor_force_2014,"155,936,159","2,164,715","364,281","3,118,441","1,327,959","18,676,692","2,800,666","1,889,102","452,712","9,546,407","4,745,859","664,014","776,937","6,516,372","3,228,524","1,698,718","1,494,203","2,006,518","2,141,519","698,035","3,125,017","3,569,557","4,759,720","2,979,798","1,243,934","3,035,599","512,613","1,012,727","1,380,084","743,756","4,493,894","931,950","9,523,567","4,698,287","409,503","5,713,176","1,797,769","1,950,128","6,389,059","556,635","2,222,426","450,769","3,043,573","13,006,202","1,415,779","348,697","4,258,856","3,495,153","795,733","3,077,981","302,865",,
Civilian_labor_force_2015,"156,840,649","2,152,295","362,425","3,184,445","1,339,301","18,824,141","2,825,761","1,892,087","462,752","9,639,737","4,734,088","670,594","795,014","6,511,797","3,266,392","1,700,549","1,493,782","1,979,641","2,150,050","687,859","3,139,988","3,589,409","4,760,207","3,005,414","1,260,015","3,057,859","517,901","1,011,666","1,396,761","746,317","4,494,606","938,300","9,536,519","4,763,821","410,764","5,710,776","1,829,046","1,979,475","6,423,155","555,272","2,267,837","453,091","3,074,216","13,090,961","1,453,457","346,512","4,233,981","3,554,826","791,526","3,084,207","301,608",,
Civilian_labor_force_2016,"158,674,951","2,155,729","362,017","3,253,468","1,343,891","19,012,017","2,894,157","1,893,200","468,808","9,841,301","4,921,814","679,121","812,921","6,559,038","3,331,821","1,703,164","1,491,961","2,015,645","2,123,690","693,917","3,155,918","3,617,498","4,848,638","3,023,110","1,271,836","3,072,904","521,736","1,016,062","1,414,233","752,478","4,492,821","944,245","9,527,021","4,844,851","411,778","5,754,480","1,828,055","2,042,929","6,458,891","553,231","2,286,054","455,133","3,136,399","13,346,836","1,500,137","345,851","4,254,348","3,648,558","785,104","3,110,466","300,546",,
Civilian_labor_force_2017,"160,744,592","2,203,458","360,589","3,240,111","1,348,088","19,185,366","2,963,790","1,923,711","475,214","9,972,990","5,107,889","695,303","839,776","6,562,291","3,333,693","1,697,495","1,488,346","2,053,398","2,108,485","703,871","3,243,896","3,724,520","4,911,247","3,071,006","1,272,685","3,053,526","528,441","1,023,163","1,444,262","758,133","4,614,953","948,581","9,838,170","4,865,900","415,765","5,818,975","1,826,272","2,075,682","6,485,253","568,144","2,261,766","455,339","3,197,032","13,473,991","1,554,352","355,385","4,352,977","3,727,683","784,744","3,141,757","293,802",,
Civilian_labor_force_2018,"162,039,448","2,240,109","355,499","3,325,721","1,343,862","19,289,505","3,054,347","1,923,872","480,371","10,118,306","5,126,923","692,457","862,434","6,557,416","3,392,579","1,711,811","1,493,360","2,052,877","2,109,741","700,856","3,270,635","3,818,769","4,944,794","3,075,090","1,268,040","3,048,449","535,140","1,036,411","1,494,692","770,469","4,604,787","944,936","9,826,126","4,911,884","412,069","5,819,989","1,831,256","2,080,051","6,509,775","572,663","2,282,022","459,202","3,257,053","13,714,126","1,584,494","355,343","4,359,053","3,814,538","793,415","3,123,898","292,629",,
Civilian_labor_force_2019,"163,815,888","2,272,935","353,161","3,430,766","1,354,936","19,413,244","3,105,584","1,938,637","484,657","10,284,663","5,160,512","686,123","888,504","6,550,295","3,404,321","1,743,153","1,504,552","2,068,975","2,105,926","697,795","3,334,365","3,841,324","4,976,013","3,108,682","1,278,598","3,074,821","543,741","1,051,554","1,546,313","780,540","4,686,262","956,094","9,853,962","4,993,476","413,845","5,877,451","1,840,223","2,094,783","6,573,616","574,346","2,324,500","464,329","3,335,270","13,921,781","1,618,697","353,506","4,414,972","3,933,880","795,299","3,111,729","293,320",,
Civilian_labor_force_2020,"161,483,724","2,269,672","347,150","3,471,038","1,346,789","18,971,560","3,088,995","1,884,099","486,497","10,113,733","5,095,696","664,085","901,894","6,349,816","3,346,344","1,673,589","1,503,002","2,017,001","2,064,942","670,595","3,241,086","3,750,155","4,863,008","3,134,161","1,247,029","3,037,880","545,334","1,048,389","1,506,631","764,137","4,650,326","931,921","9,580,847","4,839,372","409,799","5,754,698","1,841,349","2,107,362","6,514,565","570,185","2,335,026","464,505","3,303,230","13,955,332","1,647,376","339,810","4,342,950","3,936,084","779,913","3,094,716","293,755",,
Civilian_labor_force_2021,"162,229,903","2,259,349","353,158","3,530,579","1,339,665","18,973,377","3,158,144","1,855,339","493,931","10,353,311","5,179,121","669,987","925,409","6,366,428","3,355,642","1,690,368","1,500,677","2,027,165","2,073,572","685,168","3,173,289","3,742,987","4,779,555","3,039,323","1,255,710","3,050,028","550,555","1,049,584","1,499,499","756,858","4,666,108","943,382","9,557,912","4,954,783","408,900","5,728,769","1,860,337","2,147,611","6,445,362","571,698","2,353,968","469,583","3,323,545","14,311,029","1,687,539","335,823","4,331,297","3,898,707","778,747","3,099,768","289,154",,
Civilian_labor_force_2022,"164,781,642","2,286,028","356,799","3,615,161","1,369,367","19,251,974","3,200,625","1,932,463","496,688","10,762,307","5,234,275","676,299","950,672","6,472,663","3,404,443","1,716,894","1,504,932","2,048,066","2,088,217","674,875","3,171,513","3,743,924","4,835,966","3,077,500","1,251,022","3,061,279","567,787","1,058,927","1,549,859","766,672","4,739,804","947,025","9,616,989","5,159,329","414,311","5,741,277","1,887,040","2,176,734","6,479,077","569,455","2,374,975","475,065","3,352,030","14,662,558","1,743,054","342,119","4,435,858","3,990,343","785,115","3,082,128","291,756",,
Employed_2000,"136,904,853","2,047,731","299,590","2,410,825","1,207,833","16,011,619","2,294,104","1,723,597","398,188","7,620,683","4,055,366","579,736","630,228","6,206,060","3,030,889","1,551,434","1,349,841","1,876,232","1,921,984","654,981","2,702,430","3,246,356","4,968,878","2,714,001","1,239,841","2,870,458","447,383","912,620","1,026,650","667,603","4,130,824","803,666","8,727,537","3,972,811","332,615","5,544,340","1,605,949","1,717,623","5,848,152","520,813","1,892,559","398,124","2,738,785","9,932,973","1,104,750","324,667","3,524,481","2,929,824","754,457","2,884,737","255,726",,
Employed_2001,"136,977,996","2,017,467","301,422","2,470,816","1,201,314","16,160,509","2,304,547","1,698,594","406,517","7,692,124","4,083,528","581,379","643,913","6,103,092","3,010,490","1,556,923","1,338,775","1,852,043","1,913,555","649,627","2,717,443","3,258,352","4,872,118","2,740,867","1,223,536","2,853,157","443,866","915,662","1,055,769","668,566","4,112,095","812,557","8,680,547","3,956,124","332,805","5,566,414","1,611,746","1,699,359","5,882,813","517,532","1,839,246","401,072","2,728,621","10,014,830","1,112,047","326,980","3,559,669","2,900,354","753,657","2,884,305","258,172",,
Employed_2002,"136,455,783","1,987,633","303,560","2,518,051","1,209,006","16,081,472","2,309,639","1,697,788","399,417","7,651,923","4,111,627","577,616","647,019","5,925,990","2,997,963","1,564,178","1,347,163","1,832,250","1,892,947","648,301","2,734,977","3,257,517","4,723,286","2,744,745","1,207,799","2,823,361","445,122","917,833","1,069,601","668,980","4,094,389","819,275","8,718,237","3,917,218","330,852","5,490,092","1,607,453","1,696,894","5,869,299","522,201","1,828,735","403,343","2,750,424","10,061,049","1,112,581","330,080","3,576,530","2,881,326","747,040","2,856,234","258,571",,
Employed_2003,"136,944,522","2,001,568","306,964","2,571,097","1,208,583","16,081,515","2,338,432","1,688,380","397,310","7,760,904","4,187,003","580,352","653,299","5,885,134","3,011,507","1,536,505","1,361,115","1,844,378","1,897,902","649,899","2,742,966","3,223,294","4,678,901","2,754,850","1,224,551","2,814,661","448,251","928,916","1,089,893","677,387","4,091,465","828,390","8,689,954","3,997,950","335,092","5,498,959","1,595,412","1,698,482","5,808,102","529,583","1,855,599","406,897","2,744,351","10,176,554","1,130,789","331,239","3,609,335","2,910,008","739,896","2,873,956","260,995",,
Employed_2004,"138,613,904","2,018,783","312,394","2,649,564","1,229,546","16,293,555","2,397,588","1,687,121","402,992","8,033,591","4,236,301","591,594","668,638","5,955,739","2,993,991","1,534,634","1,378,355","1,861,750","1,914,521","654,082","2,752,186","3,226,991","4,703,962","2,760,746","1,234,123","2,819,803","456,674","935,722","1,126,205","688,271","4,134,064","841,002","8,816,050","4,036,223","341,694","5,487,218","1,610,799","1,709,561","5,878,607","526,489","1,891,722","410,618","2,742,911","10,336,114","1,170,046","334,555","3,658,421","2,988,316","743,989","2,883,573","264,187",,
Employed_2005,"141,000,912","2,045,234","320,273","2,729,018","1,263,663","16,593,622","2,442,134","1,707,935","413,828","8,400,346","4,336,264","607,853","701,400","6,044,685","3,029,258","1,558,522","1,384,654","1,874,747","1,929,492","661,176","2,799,960","3,222,953","4,725,701","2,762,419","1,217,359","2,847,795","465,728","935,914","1,177,587","699,666","4,192,396","858,722","8,986,176","4,105,112","344,595","5,531,429","1,635,004","1,734,710","5,943,887","534,535","1,919,644","414,088","2,738,224","10,561,373","1,228,827","337,407","3,756,587","3,077,058","751,202","2,885,671","269,172",,
Employed_2006,"143,729,350","2,083,207","325,672","2,843,054","1,276,000","16,797,845","2,528,550","1,750,385","425,995","8,707,158","4,474,820","619,362","718,848","6,217,917","3,075,761","1,595,344","1,402,950","1,910,580","1,919,476","667,801","2,860,048","3,251,029","4,701,385","2,772,171","1,199,290","2,888,798","478,726","941,941","1,239,263","706,655","4,231,848","876,100","9,090,969","4,232,804","351,410","5,635,968","1,647,518","1,780,651","6,002,761","541,675","2,001,245","419,816","2,856,079","10,770,786","1,295,285","342,232","3,844,285","3,164,354","763,325","2,923,575","276,310",,
Employed_2007,"145,156,133","2,092,030","328,309","2,905,144","1,277,902","16,955,400","2,588,340","1,773,047","429,203","8,813,449","4,573,302","619,224","732,155","6,301,409","3,054,548","1,600,507","1,422,109","1,925,716","1,943,648","667,061","2,877,994","3,277,912","4,640,173","2,765,611","1,213,549","2,902,504","488,129","950,318","1,282,414","712,023","4,248,982","887,565","9,088,287","4,297,692","356,434","5,679,258","1,654,796","1,812,303","6,057,645","541,956","2,024,493","423,910","2,901,946","10,940,176","1,342,237","339,367","3,906,626","3,244,794","765,517","2,938,876","283,072",,
Employed_2008,"144,860,349","2,049,579","332,364","2,916,698","1,284,175","16,856,082","2,601,712","1,772,393","427,694","8,636,212","4,534,790","615,767","721,828","6,222,179","3,053,593","1,612,459","1,425,022","1,906,275","1,968,676","664,441","2,891,508","3,282,299","4,513,249","2,756,573","1,206,858","2,875,600","488,259","955,470","1,278,789","715,076","4,251,455","893,645","9,121,271","4,296,605","360,446","5,609,101","1,678,409","1,825,256","6,096,818","525,187","2,002,903","425,670","2,862,093","11,110,499","1,339,394","337,925","3,952,723","3,291,664","768,294","2,945,874","287,909",,
Employed_2009,"139,594,699","1,938,784","330,718","2,826,426","1,248,691","16,193,122","2,515,483","1,731,361","401,718","8,127,251","4,292,830","589,798","696,832","5,928,539","2,880,173","1,569,561","1,408,142","1,842,085","1,927,200","639,142","2,819,397","3,189,506","4,221,462","2,699,974","1,149,831","2,784,890","466,778","941,903","1,207,052","694,362","4,133,366","862,687","8,853,905","4,104,074","355,736","5,304,803","1,653,357","1,755,156","5,890,073","505,930","1,919,307","421,123","2,725,134","11,043,167","1,274,210","337,018","3,853,351","3,176,729","743,870","2,833,292","281,123",,
Employed_2010,"139,393,814","1,968,824","332,185","2,777,404","1,247,059","16,078,454","2,466,996","1,728,121","398,388","8,155,401","4,207,266","604,210","695,265","5,918,202","2,854,843","1,571,960","1,396,172","1,852,302","1,927,720","638,984","2,836,945","3,198,617","4,173,946","2,722,623","1,176,938","2,753,910","464,808","945,195","1,171,879","694,132","4,118,982","856,602","8,790,607","4,135,783","365,041","5,267,304","1,650,502","1,778,034","5,838,498","504,957","1,928,442","421,815","2,789,056","11,255,444","1,242,907","336,920","3,858,466","3,142,109","739,891","2,820,620","280,953",,
Employed_2011,"140,688,861","1,991,379","336,312","2,763,761","1,250,431","16,220,602","2,493,472","1,741,971","410,229","8,334,119","4,258,833","615,470","701,660","5,925,787","2,904,397","1,575,767","1,402,198","1,868,168","1,926,038","644,967","2,870,857","3,232,458","4,201,785","2,760,400","1,214,638","2,770,662","467,786","959,325","1,179,653","696,591","4,134,708","858,165","8,741,662","4,180,071","374,434","5,263,728","1,668,235","1,804,257","5,886,748","500,109","1,957,493","425,367","2,833,278","11,498,869","1,246,797","337,779","3,929,008","3,144,459","743,346","2,839,987","284,273",,
Employed_2012,"142,527,201","2,000,848","337,834","2,799,634","1,251,883","16,541,039","2,529,785","1,729,687","414,489","8,529,063","4,339,369","611,985","714,969","5,989,454","2,911,925","1,576,236","1,405,638","1,891,109","1,948,630","650,315","2,906,518","3,271,256","4,261,963","2,783,181","1,213,245","2,789,025","477,056","973,448","1,207,733","700,448","4,147,221","863,937","8,775,083","4,271,383","383,888","5,290,392","1,703,624","1,791,248","5,955,409","502,897","1,992,957","428,943","2,849,727","11,794,975","1,284,149","336,899","3,967,151","3,203,294","749,587","2,857,150","287,110",,
Employed_2013,"143,905,037","2,012,828","338,104","2,825,341","1,237,609","16,887,864","2,579,568","1,718,834","414,215","8,706,060","4,363,292","620,005","724,545","5,961,201","2,953,672","1,597,139","1,410,470","1,892,777","1,966,755","657,058","2,924,626","3,283,144","4,323,410","2,812,453","1,164,832","2,807,115","483,798","977,464","1,234,021","704,023","4,147,661","865,207","8,880,792","4,336,379","389,928","5,281,459","1,707,220","1,775,139","5,962,130","505,776","2,034,404","430,834","2,840,127","12,022,272","1,327,560","334,684","4,002,057","3,230,947","745,849","2,871,988","287,792",,
Employed_2014,"146,318,952","2,018,705","339,704","2,906,193","1,249,766","17,264,518","2,661,070","1,764,118","427,400","8,931,440","4,407,067","635,913","742,805","6,049,059","3,036,685","1,626,676","1,426,892","1,877,551","2,007,668","659,008","2,945,911","3,364,853","4,416,017","2,852,488","1,149,277","2,848,571","488,738","979,728","1,267,424","711,740","4,191,318","870,570","8,925,328","4,410,647","398,783","5,381,787","1,719,826","1,820,202","6,010,075","513,406","2,082,941","435,733","2,842,540","12,333,076","1,364,353","334,742","4,040,908","3,287,904","743,955","2,913,764","289,694",,
Employed_2015,"148,554,918","2,020,443","339,604","2,990,545","1,272,785","17,647,409","2,719,997","1,785,788","440,555","9,106,772","4,446,515","647,616","764,121","6,119,934","3,109,791","1,637,467","1,431,533","1,876,009","2,015,081","657,550","2,983,083","3,417,296","4,501,816","2,891,673","1,178,018","2,901,467","495,725","981,326","1,301,094","720,832","4,237,876","876,206","9,035,989","4,493,882","399,296","5,427,850","1,750,501","1,871,286","6,076,402","521,767","2,134,087","439,293","2,902,684","12,503,464","1,401,945","334,262","4,048,081","3,361,249","739,455","2,947,048","288,894",,
Employed_2016,"150,949,349","2,029,157","338,193","3,075,851","1,290,430","17,965,407","2,803,504","1,801,390","447,640","9,360,237","4,653,740","659,557","783,180","6,172,672","3,186,420","1,642,152","1,431,920","1,914,479","1,994,639","667,723","3,020,827","3,472,327","4,606,948","2,906,348","1,196,241","2,933,457","499,266","984,966","1,332,390","731,002","4,271,201","880,515","9,062,866","4,598,456","399,001","5,464,097","1,743,225","1,946,233","6,114,644","524,438","2,174,301","441,418","2,987,679","12,728,898","1,449,981","335,043","4,084,822","3,459,527","737,205","2,988,744","284,439",,
Employed_2017,"153,744,181","2,103,873","337,108","3,079,700","1,297,854","18,258,064","2,885,980","1,838,833","453,949","9,544,892","4,864,813","679,865","812,875","6,237,933","3,217,049","1,645,660","1,434,516","1,955,234","2,000,487","680,164","3,114,580","3,582,389","4,685,853","2,963,830","1,206,102","2,939,306","506,871","992,740","1,372,022","736,918","4,406,151","890,988","9,382,750","4,646,212","404,901","5,529,479","1,752,733","1,991,503","6,161,913","542,552","2,166,708","441,450","3,077,515","12,888,025","1,505,413","344,698","4,193,290","3,554,754","743,786","3,039,348","281,164",,
Employed_2018,"155,727,509","2,152,270","334,068","3,166,013","1,294,809","18,469,910","2,961,423","1,849,370","462,545","9,749,598","4,922,489","675,849","837,767","6,270,844","3,276,805","1,667,817","1,443,204","1,966,186","2,007,981","678,584","3,146,485","3,686,198","4,739,081","2,982,658","1,205,342","2,949,963","515,213","1,006,283","1,429,284","750,285","4,420,713","898,360","9,424,212","4,715,616","402,201","5,558,124","1,771,251","1,996,490","6,222,004","549,529","2,205,356","446,413","3,143,792","13,178,793","1,538,295","346,553","4,228,274","3,645,992","752,602","3,030,659","280,754",,
Employed_2019,"157,805,898","2,200,437","333,360","3,265,708","1,307,510","18,617,933","3,022,829","1,868,767","467,162","9,950,515","4,975,975","668,774","862,981","6,289,513","3,291,950","1,696,691","1,455,263","1,983,872","2,008,163","677,460","3,221,317","3,725,143","4,773,453","3,007,374","1,208,096","2,975,703","524,686","1,018,707","1,482,647","760,516","4,524,292","908,703","9,474,510","4,801,094","404,793","5,632,572","1,782,411","2,017,199","6,287,804","554,076","2,259,807","451,353","3,223,664","13,429,073","1,577,591","346,016","4,292,501","3,766,964","755,909","3,012,828","282,433",,
Employed_2020,"148,453,335","2,124,409","318,298","3,199,851","1,263,623","17,047,569","2,880,227","1,734,478","449,965","9,292,632","4,766,734","586,179","852,423","5,759,004","3,102,706","1,587,341","1,415,445","1,886,072","1,887,347","636,655","3,031,031","3,399,381","4,379,122","2,938,015","1,147,391","2,851,947","513,545","1,003,443","1,302,990","713,144","4,212,389","858,350","8,645,489","4,491,749","389,415","5,280,930","1,725,318","1,947,567","5,933,182","517,949","2,195,171","444,899","3,056,709","12,883,803","1,567,777","320,542","4,062,417","3,603,370","715,637","2,897,422","276,495",,
Employed_2021,"153,544,980","2,183,330","330,525","3,352,198","1,285,329","17,586,314","2,986,238","1,739,033","466,770","9,872,517","4,977,562","629,626","893,169","5,980,444","3,225,060","1,626,168","1,451,204","1,937,537","1,958,087","653,341","3,005,067","3,535,696","4,501,562","2,924,148","1,187,096","2,925,218","531,926","1,021,330","1,395,651","731,117","4,357,217","876,730","8,886,155","4,712,866","396,364","5,434,815","1,785,703","2,035,428","6,058,976","540,182","2,261,060","457,174","3,174,135","13,503,671","1,641,338","323,354","4,162,555","3,695,705","739,003","2,981,070","275,748",,
Employed_2022,"158,766,998","2,226,670","342,400","3,477,033","1,323,949","18,440,895","3,103,531","1,851,993","474,258","10,449,041","5,075,093","652,677","925,358","6,176,876","3,302,632","1,669,933","1,464,834","1,968,121","2,011,867","654,965","3,068,700","3,603,172","4,632,539","2,994,920","1,201,880","2,984,340","552,842","1,034,091","1,466,213","747,339","4,564,113","908,870","9,205,821","4,970,998","405,580","5,510,327","1,830,061","2,085,939","6,196,385","551,220","2,297,927","465,250","3,238,559","14,092,833","1,702,674","333,081","4,308,805","3,822,319","754,453","2,992,049","281,343",,
Med_HH_Income_Percent_of_State_Total_2021,,100.0,100.0,100.0,100.0,100.0,100.0,100.0,100.0,100.0,100.0,100.0,100.0,100.0,100.0,100.0,100.0,100.0,100.0,100.0,100.0,100.0,100.0,100.0,100.0,100.0,100.0,100.0,100.0,100.0,100.0,100.0,100.0,100.0,100.0,100.0,100.0,100.0,100.0,100.0,100.0,100.0,100.0,100.0,100.0,100.0,100.0,100.0,100.0,100.0,100.0,,
Median_Household_Income_2021,"69,717","53,990","78,437","68,967","52,577","84,831","82,228","83,628","71,636","63,054","66,507","85,547","66,318","72,215","62,723","65,645","64,128","55,532","52,090","64,823","90,129","89,577","63,444","77,712","48,871","61,815","63,357","66,949","66,194","88,268","89,227","54,304","74,230","61,997","67,603","62,286","55,829","71,441","68,931","73,324","59,447","66,843","59,698","66,959","79,449","72,415","80,926","84,155","51,122","67,150","66,508",,
Unemployed_2000,"5,696,723","99,442","20,187","99,786","52,674","825,917","64,267","37,100","14,768","297,174","147,329","25,659","30,838","288,369","94,415","42,966","52,765","81,168","104,408","22,508","98,961","94,210","187,817","85,110","70,041","100,983","22,686","26,229","44,126","18,196","156,816","42,484","413,004","154,654","10,146","237,102","49,568","94,214","257,590","21,701","72,922","10,372","110,241","455,364","38,110","9,388","81,909","157,856","44,624","100,906","9,975",,
Unemployed_2001,"6,808,541","110,560","20,230","122,848","60,105","935,919","91,465","50,601","15,046","356,758","174,373","26,177","34,368","351,000","133,495","53,711","59,746","101,791","113,665","25,331","118,836","128,540","266,726","107,088","71,197","134,748","21,489","29,712","57,760","23,463","182,271","42,531","445,991","235,835","9,723","254,737","60,874","115,717","296,087","24,129","102,710","12,421","129,038","524,310","50,827","11,165","121,438","185,301","42,939","133,376","10,221",,
Unemployed_2002,"8,383,515","124,988","23,494","165,451","67,958","1,165,056","139,264","78,276","17,790","398,128","229,990","24,170","38,631","415,901","163,746","64,869","72,172","112,432","120,705","30,258","137,390","179,347","311,436","128,259","82,994","157,736","21,286","35,104","64,495","31,583","250,884","47,575","576,533","292,056","11,611","337,401","77,881","137,360","345,240","28,043","125,813","13,450","148,524","680,965","66,852","13,181","162,969","219,675","51,669","160,526","10,834",,
Unemployed_2003,"8,715,572","127,100","25,530","157,552","73,995","1,190,384","151,965","97,357","18,580","362,231","227,279","23,584","38,403","425,386","167,061","71,426","79,950","121,503","127,012","35,266","138,058","195,695","357,218","138,519","80,027","168,676","22,251","38,123","60,483","31,551","252,922","51,861","593,856","287,451","12,007","364,037","90,966","147,846","349,833","31,202","143,886","14,627","160,215","734,082","66,463","15,141","163,214","226,245","51,945","171,342","11,809",,
Unemployed_2004,"8,110,891","119,523","25,075","139,054","72,832","1,080,951","141,801","90,389","18,101","313,725","228,479","20,158","34,234","392,977","171,256","72,804","80,555","108,185","115,894","31,907","132,925","173,839","352,186","132,732","80,859","176,121","21,552","37,914","52,446","27,224","213,984","49,460","543,880","251,731","11,958","366,496","79,706","135,846","334,221","29,190","152,142","15,335","154,881","662,144","61,694","12,797","156,108","201,073","45,538","151,048","10,549",,
Unemployed_2005,"7,596,329","95,122","23,884","133,499","70,217","944,309","130,248","86,366","19,547","246,933","261,895","17,677","28,954","366,082","172,957","69,988","74,113","116,979","148,723","34,104","131,621","162,583","343,901","118,489","100,048","163,301","19,818","36,845","50,862","26,435","194,908","47,285","469,312","243,718","11,790","349,262","74,285","114,187","312,755","28,904","151,467","15,273","160,266","611,321","51,826","12,114","149,962","182,714","43,355","143,991","9,911",,
Unemployed_2006,"6,978,423","86,800","23,084","127,625","70,532","863,334","111,902","80,698","17,233","219,940","239,043","16,053","25,627","297,770","160,219","60,580","64,603","115,564","81,821","32,946","124,396","160,659","355,349","117,442","81,328","147,858","16,440","29,489","52,249","25,729","204,798","38,367","429,417","228,299","11,302","321,252","66,922","101,119","295,203","29,911","147,453","12,944","158,670","564,326","37,993","13,162","132,218","165,704","41,585","142,691","8,516",,
Unemployed_2007,"7,034,917","88,418","21,924","113,661","72,909","955,326","99,402","82,961","16,103","300,155","236,962","17,486","23,132","337,789","148,041","61,648","63,305","109,777","83,145","32,692","111,323","155,327","354,668","133,250","79,789","155,615","16,966","28,725","61,795","25,905","187,110","33,108","422,736","230,902","11,130","337,945","68,475","98,587","288,943","29,130","130,705","12,385","141,312","500,878","35,401","13,901","132,788","156,610","38,788","148,722","7,676",,
Unemployed_2008,"8,900,688","127,275","22,934","179,295","73,541","1,323,825","132,686","105,727","22,571","520,246","328,435","25,759","37,848","430,763","191,197","69,750","68,343","131,950","96,016","37,489","136,426","183,607","402,532","157,560","86,517","189,651","24,019","32,067","94,318","27,805","244,481","39,983","519,829","281,872","11,397","393,367","62,477","121,283","342,968","43,042","157,181","13,542","198,685","567,244","46,252","16,061","175,866","182,379","37,960","153,057","8,711",,
Unemployed_2009,"14,230,755","217,809","28,661","302,465","104,649","2,112,831","215,121","157,013","36,665","860,538","499,320","42,172","66,801","673,081","336,362","107,498","104,430","222,762","140,673","58,556","230,472","280,925","638,574","232,082","118,674","276,814","35,815","45,952","160,315","45,440","406,937","65,686","810,105","509,124","14,628","600,044","116,090","213,209","510,165","65,273","247,430","20,177","307,524","900,971","99,631","22,264","282,835","286,984","67,400","279,202","18,770",,
Unemployed_2010,"14,860,707","228,204","29,522","318,912","106,576","2,292,082","248,727","183,168","37,808","991,706","502,515","44,339","66,882","694,231","321,042","102,451","104,291","212,721","156,742","58,848","241,423","280,687","580,853","218,073","132,190","289,339","36,087","46,814","186,981","45,208","440,796","72,260","839,690","497,912","14,021","604,169","115,206","213,715","522,107","66,548","246,093","21,803","304,062","1,004,656","107,266","22,772","304,827","316,342","70,210","262,315","20,940",,
Unemployed_2011,"13,831,817","210,958","28,287","288,176","107,388","2,186,154","236,790","172,478","33,742","926,229","480,448","45,164","62,545","641,744","284,614","94,289","95,802","193,332","154,487","54,012","226,443","251,677","467,194","192,127","131,352","262,298","33,279","44,310","181,138","40,194","427,078","66,943","796,090","477,802","12,949","509,752","98,821","191,674","495,001","61,952","227,678","20,499","284,214","1,000,726","94,630","19,897","276,176","293,412","63,222","232,170","18,659",,
Unemployed_2012,"12,510,920","177,660","26,319","254,709","98,005","1,943,842","219,407","157,858","31,473","806,664","431,249","38,430","57,143","594,235","260,631","83,944","85,170","168,975","141,014","50,415","214,429","235,201","423,499","166,589","117,205","215,322","29,385","39,359","158,475","40,348","429,065","64,825","827,516","448,820","11,602","422,083","91,277","173,414","493,614","57,307","197,246","18,113","246,595","844,490","64,408","17,048","250,378","265,444","58,435","212,883","16,638",,
Unemployed_2013,"11,457,241","159,274","25,440","239,213","94,000","1,677,544","186,572","148,544","29,336","708,604","386,754","30,973","53,061","595,392","240,011","79,426","78,925","163,118","135,219","47,182","204,282","233,545","413,509","149,276","108,225","204,083","27,401","37,366","136,706","39,013","380,358","64,203","752,157","365,012","11,590","425,318","92,305","149,553","457,707","52,971","163,472","16,645","238,765","809,763","58,348","15,491","236,320","229,825","53,632","205,813","14,409",,
Unemployed_2014,"9,617,207","146,010","24,577","212,248","78,193","1,412,174","139,596","124,984","25,312","614,967","338,792","28,101","34,132","467,313","191,839","72,042","67,311","128,967","133,851","39,027","179,106","204,704","343,703","127,310","94,657","187,028","23,875","32,999","112,660","32,016","302,576","61,380","598,239","287,640","10,720","331,389","77,943","129,926","378,984","43,229","139,485","15,036","201,033","673,126","51,426","13,955","217,948","207,249","51,778","164,217","13,171",,
Unemployed_2015,"8,285,731","131,852","22,821","193,900","66,516","1,176,732","105,764","106,299","22,197","532,965","287,573","22,978","30,893","391,863","156,601","63,082","62,249","103,632","134,969","30,309","156,905","172,113","258,391","113,741","81,997","156,392","22,176","30,340","95,667","25,485","256,730","62,094","500,530","269,939","11,468","282,926","78,545","108,189","346,753","33,505","133,750","13,798","171,532","587,497","51,512","12,250","185,900","193,577","52,071","137,159","12,714",,
Unemployed_2016,"7,725,602","126,572","23,824","177,617","53,461","1,046,610","90,653","91,810","21,168","481,064","268,074","19,564","29,741","386,366","145,401","61,012","60,041","101,166","129,051","26,194","135,091","145,171","241,690","116,762","75,595","139,447","22,470","31,096","81,843","21,476","221,620","63,730","464,155","246,395","12,777","290,383","84,830","96,696","344,247","28,793","111,753","13,715","148,720","617,938","50,156","10,808","169,526","189,031","47,899","121,722","16,107",,
Unemployed_2017,"7,000,411","99,585","23,481","160,411","50,234","927,302","77,810","84,878","21,265","428,098","243,076","15,438","26,901","324,358","116,644","51,835","53,830","98,164","107,998","23,707","129,316","142,131","225,394","107,176","66,583","114,220","21,570","30,423","72,240","21,215","208,802","57,593","455,420","219,688","10,864","289,496","73,539","84,179","323,340","25,592","95,058","13,889","119,517","585,966","48,939","10,687","159,687","172,929","40,958","102,409","12,638",,
Unemployed_2018,"6,311,939","87,839","21,431","159,708","49,053","819,595","92,924","74,502","17,826","368,708","204,434","16,608","24,667","286,572","115,774","43,994","50,156","86,691","101,760","22,272","124,150","132,571","205,713","92,432","62,698","98,486","19,927","30,128","65,408","20,184","184,074","46,576","401,914","196,268","9,868","261,865","60,005","83,561","287,771","23,134","76,666","12,789","113,261","535,333","46,199","8,790","130,779","168,546","40,813","93,239","11,875",,
Unemployed_2019,"6,009,990","72,498","19,801","165,058","47,426","795,311","82,755","69,870","17,495","334,148","184,537","17,349","25,523","260,782","112,371","46,462","49,289","85,103","97,763","20,335","113,048","116,181","202,560","101,308","70,502","99,118","19,055","32,847","63,666","20,024","161,970","47,391","379,452","192,382","9,052","244,879","57,812","77,584","285,812","20,270","64,693","12,976","111,606","492,708","41,106","7,490","122,471","166,916","39,390","98,901","10,887",,
Unemployed_2020,"13,030,389","145,263","28,852","271,187","83,166","1,923,991","208,768","149,621","36,532","821,101","328,962","77,906","49,471","590,812","243,638","86,248","87,557","130,929","177,595","33,940","210,055","350,774","483,886","196,146","99,638","185,933","31,789","44,946","203,641","50,993","437,937","73,571","935,358","347,623","20,384","473,768","116,031","159,795","581,383","52,236","139,855","19,606","246,521","1,071,529","79,599","19,268","280,533","332,714","64,276","197,294","17,260",,
Unemployed_2021,"8,684,923","76,019","22,633","178,381","54,336","1,387,063","171,906","116,306","27,161","480,794","201,559","40,361","32,240","385,984","130,582","64,200","49,473","89,628","115,485","31,827","168,222","207,291","277,993","115,175","68,614","124,810","18,629","28,254","103,848","25,741","308,891","66,652","671,757","241,917","12,536","293,954","74,634","112,183","386,386","31,516","92,908","12,409","149,410","807,358","46,201","12,469","168,742","203,002","39,744","118,698","13,406",,
Unemployed_2022,"6,014,644","59,358","14,399","138,128","45,418","811,079","97,094","80,470","22,430","313,266","159,182","23,622","25,314","295,787","101,811","46,961","40,098","79,945","76,350","19,910","102,813","140,752","203,427","82,580","49,142","76,939","14,945","24,836","83,646","19,333","175,691","38,155","411,168","188,331","8,731","230,950","56,979","90,795","282,692","18,235","77,048","9,815","113,471","569,725","40,380","9,038","127,053","168,024","30,662","90,079","10,413",,
Unemployment_rate_2000,4.0,4.6,6.3,4.0,4.2,4.9,2.7,2.1,3.6,3.8,3.5,4.2,4.7,4.4,3.0,2.7,3.8,4.1,5.2,3.3,3.5,2.8,3.6,3.0,5.3,3.4,4.8,2.8,4.1,2.7,3.7,5.0,4.5,3.7,3.0,4.1,3.0,5.2,4.2,4.0,3.7,2.5,3.9,4.4,3.3,2.8,2.3,5.1,5.6,3.4,3.8,,
Unemployment_rate_2001,4.7,5.2,6.3,4.7,4.8,5.5,3.8,2.9,3.6,4.4,4.1,4.3,5.1,5.4,4.2,3.3,4.3,5.2,5.6,3.8,4.2,3.8,5.2,3.8,5.5,4.5,4.6,3.1,5.2,3.4,4.2,5.0,4.9,5.6,2.8,4.4,3.6,6.4,4.8,4.5,5.3,3.0,4.5,5.0,4.4,3.3,3.3,6.0,5.4,4.4,3.8,,
Unemployment_rate_2002,5.8,5.9,7.2,6.2,5.3,6.8,5.7,4.4,4.3,4.9,5.3,4.0,5.6,6.6,5.2,4.0,5.1,5.8,6.0,4.5,4.8,5.2,6.2,4.5,6.4,5.3,4.6,3.7,5.7,4.5,5.8,5.5,6.2,6.9,3.4,5.8,4.6,7.5,5.6,5.1,6.4,3.2,5.1,6.3,5.7,3.8,4.4,7.1,6.5,5.3,4.0,,
Unemployment_rate_2003,6.0,6.0,7.7,5.8,5.8,6.9,6.1,5.5,4.5,4.5,5.1,3.9,5.6,6.7,5.3,4.4,5.5,6.2,6.3,5.1,4.8,5.7,7.1,4.8,6.1,5.7,4.7,3.9,5.3,4.5,5.8,5.9,6.4,6.7,3.5,6.2,5.4,8.0,5.7,5.6,7.2,3.5,5.5,6.7,5.6,4.4,4.3,7.2,6.6,5.6,4.3,,
Unemployment_rate_2004,5.5,5.6,7.4,5.0,5.6,6.2,5.6,5.1,4.3,3.8,5.1,3.3,4.9,6.2,5.4,4.5,5.5,5.5,5.7,4.7,4.6,5.1,7.0,4.6,6.1,5.9,4.5,3.9,4.4,3.8,4.9,5.6,5.8,5.9,3.4,6.3,4.7,7.4,5.4,5.3,7.4,3.6,5.3,6.0,5.0,3.7,4.1,6.3,5.8,5.0,3.8,,
Unemployment_rate_2005,5.1,4.4,6.9,4.7,5.3,5.4,5.1,4.8,4.5,2.9,5.7,2.8,4.0,5.7,5.4,4.3,5.1,5.9,7.2,4.9,4.5,4.8,6.8,4.1,7.6,5.4,4.1,3.8,4.1,3.6,4.4,5.2,5.0,5.6,3.3,5.9,4.3,6.2,5.0,5.1,7.3,3.6,5.5,5.5,4.0,3.5,3.8,5.6,5.5,4.8,3.6,,
Unemployment_rate_2006,4.6,4.0,6.6,4.3,5.2,4.9,4.2,4.4,3.9,2.5,5.1,2.5,3.4,4.6,5.0,3.7,4.4,5.7,4.1,4.7,4.2,4.7,7.0,4.1,6.4,4.9,3.3,3.0,4.0,3.5,4.6,4.2,4.5,5.1,3.1,5.4,3.9,5.4,4.7,5.2,6.9,3.0,5.3,5.0,2.8,3.7,3.3,5.0,5.2,4.7,3.0,,
Unemployment_rate_2007,4.6,4.1,6.3,3.8,5.4,5.3,3.7,4.5,3.6,3.3,4.9,2.7,3.1,5.1,4.6,3.7,4.3,5.4,4.1,4.7,3.7,4.5,7.1,4.6,6.2,5.1,3.4,2.9,4.6,3.5,4.2,3.6,4.4,5.1,3.0,5.6,4.0,5.2,4.6,5.1,6.1,2.8,4.6,4.4,2.6,3.9,3.3,4.6,4.8,4.8,2.6,,
Unemployment_rate_2008,5.8,5.8,6.5,5.8,5.4,7.3,4.9,5.6,5.0,5.7,6.8,4.0,5.0,6.5,5.9,4.1,4.6,6.5,4.7,5.3,4.5,5.3,8.2,5.4,6.7,6.2,4.7,3.2,6.9,3.7,5.4,4.3,5.4,6.2,3.1,6.6,3.6,6.2,5.3,7.6,7.3,3.1,6.5,4.9,3.3,4.5,4.3,5.2,4.7,4.9,2.9,,
Unemployment_rate_2009,9.3,10.1,8.0,9.7,7.7,11.5,7.9,8.3,8.4,9.6,10.4,6.7,8.7,10.2,10.5,6.4,6.9,10.8,6.8,8.4,7.6,8.1,13.1,7.9,9.4,9.0,7.1,4.7,11.7,6.1,9.0,7.1,8.4,11.0,3.9,10.2,6.6,10.8,8.0,11.4,11.4,4.6,10.1,7.5,7.3,6.2,6.8,8.3,8.3,9.0,6.3,,
Unemployment_rate_2010,9.6,10.4,8.2,10.3,7.9,12.5,9.2,9.6,8.7,10.8,10.7,6.8,8.8,10.5,10.1,6.1,7.0,10.3,7.5,8.4,7.8,8.1,12.2,7.4,10.1,9.5,7.2,4.7,13.8,6.1,9.7,7.8,8.7,10.7,3.7,10.3,6.5,10.7,8.2,11.6,11.3,4.9,9.8,8.2,7.9,6.3,7.3,9.1,8.7,8.5,6.9,,
Unemployment_rate_2011,9.0,9.6,7.8,9.4,7.9,11.9,8.7,9.0,7.6,10.0,10.1,6.8,8.2,9.8,8.9,5.6,6.4,9.4,7.4,7.7,7.3,7.2,10.0,6.5,9.8,8.6,6.6,4.4,13.3,5.5,9.4,7.2,8.3,10.3,3.3,8.8,5.6,9.6,7.8,11.0,10.4,4.6,9.1,8.0,7.1,5.6,6.6,8.5,7.8,7.6,6.2,,
Unemployment_rate_2012,8.1,8.2,7.2,8.3,7.3,10.5,8.0,8.4,7.1,8.6,9.0,5.9,7.4,9.0,8.2,5.1,5.7,8.2,6.7,7.2,6.9,6.7,9.0,5.6,8.8,7.2,5.8,3.9,11.6,5.4,9.4,7.0,8.6,9.5,2.9,7.4,5.1,8.8,7.7,10.2,9.0,4.1,8.0,6.7,4.8,4.8,5.9,7.7,7.2,6.9,5.5,,
Unemployment_rate_2013,7.4,7.3,7.0,7.8,7.1,9.0,6.7,8.0,6.6,7.5,8.1,4.8,6.8,9.1,7.5,4.7,5.3,7.9,6.4,6.7,6.5,6.6,8.7,5.0,8.5,6.8,5.4,3.7,10.0,5.3,8.4,6.9,7.8,7.8,2.9,7.5,5.1,7.8,7.1,9.5,7.4,3.7,7.8,6.3,4.2,4.4,5.6,6.6,6.7,6.7,4.8,,
Unemployment_rate_2014,6.2,6.7,6.7,6.8,5.9,7.6,5.0,6.6,5.6,6.4,7.1,4.2,4.4,7.2,5.9,4.2,4.5,6.4,6.3,5.6,5.7,5.7,7.2,4.3,7.6,6.2,4.7,3.3,8.2,4.3,6.7,6.6,6.3,6.1,2.6,5.8,4.3,6.7,5.9,7.8,6.3,3.3,6.6,5.2,3.6,4.0,5.1,5.9,6.5,5.3,4.3,,
Unemployment_rate_2015,5.3,6.1,6.3,6.1,5.0,6.3,3.7,5.6,4.8,5.5,6.1,3.4,3.9,6.0,4.8,3.7,4.2,5.2,6.3,4.4,5.0,4.8,5.4,3.8,6.5,5.1,4.3,3.0,6.8,3.4,5.7,6.6,5.2,5.7,2.8,5.0,4.3,5.5,5.4,6.0,5.9,3.0,5.6,4.5,3.5,3.5,4.4,5.4,6.6,4.4,4.2,,
Unemployment_rate_2016,4.9,5.9,6.6,5.5,4.0,5.5,3.1,4.8,4.5,4.9,5.4,2.9,3.7,5.9,4.4,3.6,4.0,5.0,6.1,3.8,4.3,4.0,5.0,3.9,5.9,4.5,4.3,3.1,5.8,2.9,4.9,6.7,4.9,5.1,3.1,5.0,4.6,4.7,5.3,5.2,4.9,3.0,4.7,4.6,3.3,3.1,4.0,5.2,6.1,3.9,5.4,,
Unemployment_rate_2017,4.4,4.5,6.5,5.0,3.7,4.8,2.6,4.4,4.5,4.3,4.8,2.2,3.2,4.9,3.5,3.1,3.6,4.8,5.1,3.4,4.0,3.8,4.6,3.5,5.2,3.7,4.1,3.0,5.0,2.8,4.5,6.1,4.6,4.5,2.6,5.0,4.0,4.1,5.0,4.5,4.2,3.1,3.7,4.3,3.1,3.0,3.7,4.6,5.2,3.3,4.3,,
Unemployment_rate_2018,3.9,3.9,6.0,4.8,3.7,4.2,3.0,3.9,3.7,3.6,4.0,2.4,2.9,4.4,3.4,2.6,3.4,4.2,4.8,3.2,3.8,3.5,4.2,3.0,4.9,3.2,3.7,2.9,4.4,2.6,4.0,4.9,4.1,4.0,2.4,4.5,3.3,4.0,4.4,4.0,3.4,2.8,3.5,3.9,2.9,2.5,3.0,4.4,5.1,3.0,4.1,,
Unemployment_rate_2019,3.7,3.2,5.6,4.8,3.5,4.1,2.7,3.6,3.6,3.2,3.6,2.5,2.9,4.0,3.3,2.7,3.3,4.1,4.6,2.9,3.4,3.0,4.1,3.3,5.5,3.2,3.5,3.1,4.1,2.6,3.5,5.0,3.9,3.9,2.2,4.2,3.1,3.7,4.3,3.5,2.8,2.8,3.3,3.5,2.5,2.1,2.8,4.2,5.0,3.2,3.7,,
Unemployment_rate_2020,8.1,6.4,8.3,7.8,6.2,10.1,6.8,7.9,7.5,8.1,6.5,11.7,5.5,9.3,7.3,5.2,5.8,6.5,8.6,5.1,6.5,9.4,10.0,6.3,8.0,6.1,5.8,4.3,13.5,6.7,9.4,7.9,9.8,7.2,5.0,8.2,6.3,7.6,8.9,9.2,6.0,4.2,7.5,7.7,4.8,5.7,6.5,8.5,8.2,6.4,5.9,,
Unemployment_rate_2021,5.4,3.4,6.4,5.1,4.1,7.3,5.4,6.3,5.5,4.6,3.9,6.0,3.5,6.1,3.9,3.8,3.3,4.4,5.6,4.6,5.3,5.5,5.8,3.8,5.5,4.1,3.4,2.7,6.9,3.4,6.6,7.1,7.0,4.9,3.1,5.1,4.0,5.2,6.0,5.5,3.9,2.6,4.5,5.6,2.7,3.7,3.9,5.2,5.1,3.8,4.6,,
Unemployment_rate_2022,3.7,2.6,4.0,3.8,3.3,4.2,3.0,4.2,4.5,2.9,3.0,3.5,2.7,4.6,3.0,2.7,2.7,3.9,3.7,3.0,3.2,3.8,4.2,2.7,3.9,2.5,2.6,2.3,5.4,2.5,3.7,4.0,4.3,3.7,2.1,4.0,3.0,4.2,4.4,3.2,3.2,2.1,3.4,3.9,2.3,2.6,2.9,4.2,3.9,2.9,3.6,,
Construction_Unemployment_2000,6.2,,,,,,,,,,,,,,,,,,,,,,,,,,,,,,,,,,,,,,,,,,,,,,,,,,,,
Construction_Unemployment_2001,7.1,,,,,,,,,,,,,,,,,,,,,,,,,,,,,,,,,,,,,,,,,,,,,,,,,,,,
Construction_Unemployment_2002,9.2,,,,,,,,,,,,,,,,,,,,,,,,,,,,,,,,,,,,,,,,,,,,,,,,,,,,
Construction_Unemployment_2003,9.3,,,,,,,,,,,,,,,,,,,,,,,,,,,,,,,,,,,,,,,,,,,,,,,,,,,,
Construction_Unemployment_2004,8.4,,,,,,,,,,,,,,,,,,,,,,,,,,,,,,,,,,,,,,,,,,,,,,,,,,,,
Construction_Unemployment_2005,7.4,,,,,,,,,,,,,,,,,,,,,,,,,,,,,,,,,,,,,,,,,,,,,,,,,,,,
Construction_Unemployment_2006,6.7,,,,,,,,,,,,,,,,,,,,,,,,,,,,,,,,,,,,,,,,,,,,,,,,,,,,
Construction_Unemployment_2007,7.4,,,,,,,,,,,,,,,,,,,,,,,,,,,,,,,,,,,,,,,,,,,,,,,,,,,,
Construction_Unemployment_2008,10.6,,,,,,,,,,,,,,,,,,,,,,,,,,,,,,,,,,,,,,,,,,,,,,,,,,,,
Construction_Unemployment_2009,19.0,,,,,,,,,,,,,,,,,,,,,,,,,,,,,,,,,,,,,,,,,,,,,,,,,,,,
Construction_Unemployment_2010,20.6,,,,,,,,,,,,,,,,,,,,,,,,,,,,,,,,,,,,,,,,,,,,,,,,,,,,
Construction_Unemployment_2011,16.4,,,,,,,,,,,,,,,,,,,,,,,,,,,,,,,,,,,,,,,,,,,,,,,,,,,,
Construction_Unemployment_2012,13.9,,,,,,,,,,,,,,,,,,,,,,,,,,,,,,,,,,,,,,,,,,,,,,,,,,,,
Construction_Unemployment_2013,11.3,,,,,,,,,,,,,,,,,,,,,,,,,,,,,,,,,,,,,,,,,,,,,,,,,,,,
Construction_Unemployment_2014,8.9,,,,,,,,,,,,,,,,,,,,,,,,,,,,,,,,,,,,,,,,,,,,,,,,,,,,
Construction_Unemployment_2015,7.3,,,,,,,,,,,,,,,,,,,,,,,,,,,,,,,,,,,,,,,,,,,,,,,,,,,,
Construction_Unemployment_2016,6.3,,,,,,,,,,,,,,,,,,,,,,,,,,,,,,,,,,,,,,,,,,,,,,,,,,,,
Construction_Unemployment_2017,6.0,,,,,,,,,,,,,,,,,,,,,,,,,,,,,,,,,,,,,,,,,,,,,,,,,,,,
Construction_Unemployment_2018,5.1,,,,,,,,,,,,,,,,,,,,,,,,,,,,,,,,,,,,,,,,,,,,,,,,,,,,
Construction_Unemployment_2019,4.5,,,,,,,,,,,,,,,,,,,,,,,,,,,,,,,,,,,,,,,,,,,,,,,,,,,,
Construction_Unemployment_2020,8.7,,,,,,,,,,,,,,,,,,,,,,,,,,,,,,,,,,,,,,,,,,,,,,,,,,,,
Construction_Unemployment_2021,6.5,,,,,,,,,,,,,,,,,,,,,,,,,,,,,,,,,,,,,,,,,,,,,,,,,,,,
Construction_Unemployment_2022,4.6,,,,,,,,,,,,,,,,,,,,,,,,,,,,,,,,,,,,,,,,,,,,,,,,,,,,
Education_and_health_services_unemployment_2000,2.5,,,,,,,,,,,,,,,,,,,,,,,,,,,,,,,,,,,,,,,,,,,,,,,,,,,,
Education_and_health_services_unemployment_2001,2.8,,,,,,,,,,,,,,,,,,,,,,,,,,,,,,,,,,,,,,,,,,,,,,,,,,,,
Education_and_health_services_unemployment_2002,3.4,,,,,,,,,,,,,,,,,,,,,,,,,,,,,,,,,,,,,,,,,,,,,,,,,,,,
Education_and_health_services_unemployment_2003,3.6,,,,,,,,,,,,,,,,,,,,,,,,,,,,,,,,,,,,,,,,,,,,,,,,,,,,
Education_and_health_services_unemployment_2004,3.4,,,,,,,,,,,,,,,,,,,,,,,,,,,,,,,,,,,,,,,,,,,,,,,,,,,,
Education_and_health_services_unemployment_2005,3.4,,,,,,,,,,,,,,,,,,,,,,,,,,,,,,,,,,,,,,,,,,,,,,,,,,,,
Education_and_health_services_unemployment_2006,3,,,,,,,,,,,,,,,,,,,,,,,,,,,,,,,,,,,,,,,,,,,,,,,,,,,,
Education_and_health_services_unemployment_2007,3,,,,,,,,,,,,,,,,,,,,,,,,,,,,,,,,,,,,,,,,,,,,,,,,,,,,
Education_and_health_services_unemployment_2008,3.5,,,,,,,,,,,,,,,,,,,,,,,,,,,,,,,,,,,,,,,,,,,,,,,,,,,,
Education_and_health_services_unemployment_2009,5.3,,,,,,,,,,,,,,,,,,,,,,,,,,,,,,,,,,,,,,,,,,,,,,,,,,,,
Education_and_health_services_unemployment_2010,5.8,,,,,,,,,,,,,,,,,,,,,,,,,,,,,,,,,,,,,,,,,,,,,,,,,,,,
Education_and_health_services_unemployment_2011,5.6,,,,,,,,,,,,,,,,,,,,,,,,,,,,,,,,,,,,,,,,,,,,,,,,,,,,
Education_and_health_services_unemployment_2012,5.5,,,,,,,,,,,,,,,,,,,,,,,,,,,,,,,,,,,,,,,,,,,,,,,,,,,,
Education_and_health_services_unemployment_2013,4.9,,,,,,,,,,,,,,,,,,,,,,,,,,,,,,,,,,,,,,,,,,,,,,,,,,,,
Education_and_health_services_unemployment_2014,4.2,,,,,,,,,,,,,,,,,,,,,,,,,,,,,,,,,,,,,,,,,,,,,,,,,,,,
Education_and_health_services_unemployment_2015,3.6,,,,,,,,,,,,,,,,,,,,,,,,,,,,,,,,,,,,,,,,,,,,,,,,,,,,
Education_and_health_services_unemployment_2016,3.3,,,,,,,,,,,,,,,,,,,,,,,,,,,,,,,,,,,,,,,,,,,,,,,,,,,,
Education_and_health_services_unemployment_2017,3,,,,,,,,,,,,,,,,,,,,,,,,,,,,,,,,,,,,,,,,,,,,,,,,,,,,
Education_and_health_services_unemployment_2018,2.6,,,,,,,,,,,,,,,,,,,,,,,,,,,,,,,,,,,,,,,,,,,,,,,,,,,,
Education_and_health_services_unemployment_2019,2.5,,,,,,,,,,,,,,,,,,,,,,,,,,,,,,,,,,,,,,,,,,,,,,,,,,,,
Education_and_health_services_unemployment_2020,5.7,,,,,,,,,,,,,,,,,,,,,,,,,,,,,,,,,,,,,,,,,,,,,,,,,,,,
Education_and_health_services_unemployment_2021,3.5,,,,,,,,,,,,,,,,,,,,,,,,,,,,,,,,,,,,,,,,,,,,,,,,,,,,
Education_and_health_services_unemployment_2022,2.7,,,,,,,,,,,,,,,,,,,,,,,,,,,,,,,,,,,,,,,,,,,,,,,,,,,,
Financial_actitivities_Unemployment_2000,2.4,,,,,,,,,,,,,,,,,,,,,,,,,,,,,,,,,,,,,,,,,,,,,,,,,,,,
Financial_actitivities_Unemployment_2001,2.9,,,,,,,,,,,,,,,,,,,,,,,,,,,,,,,,,,,,,,,,,,,,,,,,,,,,
Financial_actitivities_Unemployment_2002,3.5,,,,,,,,,,,,,,,,,,,,,,,,,,,,,,,,,,,,,,,,,,,,,,,,,,,,
Financial_actitivities_Unemployment_2003,3.5,,,,,,,,,,,,,,,,,,,,,,,,,,,,,,,,,,,,,,,,,,,,,,,,,,,,
Financial_actitivities_Unemployment_2004,3.6,,,,,,,,,,,,,,,,,,,,,,,,,,,,,,,,,,,,,,,,,,,,,,,,,,,,
Financial_actitivities_Unemployment_2005,2.9,,,,,,,,,,,,,,,,,,,,,,,,,,,,,,,,,,,,,,,,,,,,,,,,,,,,
Financial_actitivities_Unemployment_2006,2.7,,,,,,,,,,,,,,,,,,,,,,,,,,,,,,,,,,,,,,,,,,,,,,,,,,,,
Financial_actitivities_Unemployment_2007,3,,,,,,,,,,,,,,,,,,,,,,,,,,,,,,,,,,,,,,,,,,,,,,,,,,,,
Financial_actitivities_Unemployment_2008,3.9,,,,,,,,,,,,,,,,,,,,,,,,,,,,,,,,,,,,,,,,,,,,,,,,,,,,
Financial_actitivities_Unemployment_2009,6.4,,,,,,,,,,,,,,,,,,,,,,,,,,,,,,,,,,,,,,,,,,,,,,,,,,,,
Financial_actitivities_Unemployment_2010,6.9,,,,,,,,,,,,,,,,,,,,,,,,,,,,,,,,,,,,,,,,,,,,,,,,,,,,
Financial_actitivities_Unemployment_2011,6.4,,,,,,,,,,,,,,,,,,,,,,,,,,,,,,,,,,,,,,,,,,,,,,,,,,,,
Financial_actitivities_Unemployment_2012,5.1,,,,,,,,,,,,,,,,,,,,,,,,,,,,,,,,,,,,,,,,,,,,,,,,,,,,
Financial_actitivities_Unemployment_2013,4.5,,,,,,,,,,,,,,,,,,,,,,,,,,,,,,,,,,,,,,,,,,,,,,,,,,,,
Financial_actitivities_Unemployment_2014,4,,,,,,,,,,,,,,,,,,,,,,,,,,,,,,,,,,,,,,,,,,,,,,,,,,,,
Financial_actitivities_Unemployment_2015,2.6,,,,,,,,,,,,,,,,,,,,,,,,,,,,,,,,,,,,,,,,,,,,,,,,,,,,
Financial_actitivities_Unemployment_2016,2.7,,,,,,,,,,,,,,,,,,,,,,,,,,,,,,,,,,,,,,,,,,,,,,,,,,,,
Financial_actitivities_Unemployment_2017,2.4,,,,,,,,,,,,,,,,,,,,,,,,,,,,,,,,,,,,,,,,,,,,,,,,,,,,
Financial_actitivities_Unemployment_2018,2.2,,,,,,,,,,,,,,,,,,,,,,,,,,,,,,,,,,,,,,,,,,,,,,,,,,,,
Financial_actitivities_Unemployment_2019,2.1,,,,,,,,,,,,,,,,,,,,,,,,,,,,,,,,,,,,,,,,,,,,,,,,,,,,
Financial_actitivities_Unemployment_2020,3.8,,,,,,,,,,,,,,,,,,,,,,,,,,,,,,,,,,,,,,,,,,,,,,,,,,,,
Financial_actitivities_Unemployment_2021,2.9,,,,,,,,,,,,,,,,,,,,,,,,,,,,,,,,,,,,,,,,,,,,,,,,,,,,
Financial_actitivities_Unemployment_2022,1.9,,,,,,,,,,,,,,,,,,,,,,,,,,,,,,,,,,,,,,,,,,,,,,,,,,,,
